,error_angle_mean,error_angle_median,error_angle_95,error_angle_std,n_tot,n,k,kappa_within_site,site_lat,site_long,outlier_rate,secular_method,kappa_secular,ignore_outliers
0,1.9718838477434741,1.828793059443619,3.9267745905446745,1.0462933811297233,192,48,4,50,30.0,0.0,0.0,G,,False
0,9.865726599862208,9.107844246936288,19.559730770424437,5.268751356316649,6,2,3,50,30.0,0.0,0.0,G,,False
0,1.783237071981584,1.6605209000940278,3.481974145752729,0.9387517609803433,195,65,3,50,30.0,0.0,0.0,G,,False
0,2.650790733302927,2.441029492691918,5.1932418438469865,1.4114979547786524,66,33,2,50,30.0,0.0,0.0,G,,False
0,1.807244779650291,1.673711731544408,3.548339658060462,0.9660564438813655,232,58,4,50,30.0,0.0,0.0,G,,False
0,1.6646053836383294,1.5495785100018082,3.230958171836267,0.8745053975340519,120,120,1,50,30.0,0.0,0.0,G,,False
0,1.1946610841546308,1.1174282102329016,2.282839309420248,0.6082222009344764,241,241,1,50,30.0,0.0,0.0,G,,False
0,1.3336496900436339,1.2301902543505676,2.6094922622910524,0.7228353031661288,260,130,2,50,30.0,0.0,0.0,G,,False
0,1.197326851216406,1.137748322678,2.3543280562190607,0.6122968817753665,249,249,1,50,30.0,0.0,0.0,G,,False
0,6.20039683240359,5.803588420381949,12.111680711885294,3.230873393306984,15,5,3,50,30.0,0.0,0.0,G,,False
0,1.3373750623525646,1.2480628088056491,2.55816780430161,0.6958672976716889,268,134,2,50,30.0,0.0,0.0,G,,False
0,2.4931837636380556,2.305494450952807,5.035343558904232,1.3616391398530217,68,34,2,50,30.0,0.0,0.0,G,,False
0,1.1583662991361097,1.0807737412371097,2.2752937668301647,0.609143199383667,267,267,1,50,30.0,0.0,0.0,G,,False
0,2.2332610145662977,2.103817327949585,4.308844554068409,1.1499657244187604,245,35,7,50,30.0,0.0,0.0,G,,False
0,1.2936121559292424,1.2424383952214058,2.505354661399719,0.6732908463306536,207,207,1,50,30.0,0.0,0.0,G,,False
0,3.7750715903255485,3.5498362972819066,7.468925961372823,1.9883461538770557,84,12,7,50,30.0,0.0,0.0,G,,False
0,1.8752414718122652,1.7336554343197363,3.7340789789098237,1.0111365411701452,300,50,6,50,30.0,0.0,0.0,G,,False
0,1.1240147239005076,1.0687317588743497,2.151517498632746,0.586979603989336,288,288,1,50,30.0,0.0,0.0,G,,False
0,3.4073293649463285,3.2026836149497413,6.511337960176036,1.7780557855874874,64,16,4,50,30.0,0.0,0.0,G,,False
0,4.423014814241198,4.117773468583756,8.940024292778443,2.4099943700966615,15,15,1,50,30.0,0.0,0.0,G,,False
0,2.9832119445931173,2.8019008496107674,5.9161871724506625,1.588162855128646,100,20,5,50,30.0,0.0,0.0,G,,False
0,1.773039367758356,1.6621680318516496,3.497207141290443,0.9228259114387192,280,56,5,50,30.0,0.0,0.0,G,,False
0,1.4344109108674548,1.3325681829952103,2.800251883543933,0.7587618533578078,168,168,1,50,30.0,0.0,0.0,G,,False
0,3.047264823111371,2.8345622989193657,6.071816344778311,1.6168188744357312,33,33,1,50,30.0,0.0,0.0,G,,False
0,1.6498585743050043,1.565473137023588,3.2436067269705817,0.8734631721156205,284,71,4,50,30.0,0.0,0.0,G,,False
0,1.1839148258512968,1.1273956817496043,2.2518587635386984,0.5898074405650184,252,252,1,50,30.0,0.0,0.0,G,,False
0,1.6683476296536301,1.5677277953158963,3.241091769179713,0.8662881800278589,115,115,1,50,30.0,0.0,0.0,G,,False
0,1.5600910331080342,1.4614015877391608,3.043097428811259,0.8190092835291393,246,82,3,50,30.0,0.0,0.0,G,,False
0,2.3200326030990355,2.15440905824088,4.576898976248358,1.2159920686729666,58,58,1,50,30.0,0.0,0.0,G,,False
0,2.2305352378363232,2.091584578087513,4.286936231229582,1.1482083664617053,117,39,3,50,30.0,0.0,0.0,G,,False
0,1.2658151735761167,1.193478113468366,2.5191873306542063,0.6695618457735388,282,141,2,50,30.0,0.0,0.0,G,,False
0,4.020038056679752,3.7867991568162793,7.9027496281485785,2.152842435346187,19,19,1,50,30.0,0.0,0.0,G,,False
0,1.797231849604575,1.6980368014744585,3.4692279856181356,0.9291896831937698,236,59,4,50,30.0,0.0,0.0,G,,False
0,2.3316283632476043,2.1749877989580995,4.511201154308586,1.2064534387034704,198,33,6,50,30.0,0.0,0.0,G,,False
0,2.18490784214351,2.015081827519211,4.318854189420073,1.1623022251376873,156,39,4,50,30.0,0.0,0.0,G,,False
0,1.7854666156394101,1.6942419771974784,3.483961440236514,0.9283341616449772,98,98,1,50,30.0,0.0,0.0,G,,False
0,1.7363492985472526,1.6379632208359638,3.365300578222774,0.8935476572275985,300,60,5,50,30.0,0.0,0.0,G,,False
0,1.2536099440081008,1.1616026746059802,2.466706589582844,0.6462446038964732,222,222,1,50,30.0,0.0,0.0,G,,False
0,1.9673180823306369,1.8410455359847333,3.829643131052167,1.0202206042058375,84,84,1,50,30.0,0.0,0.0,G,,False
0,1.2386199660829833,1.1763060587704146,2.390872172101206,0.6286308499677451,300,150,2,50,30.0,0.0,0.0,G,,False
0,5.552269441391943,5.09454979184428,11.148611738827515,3.0075733656606514,14,7,2,50,30.0,0.0,0.0,G,,False
0,3.3870115752909,3.1846058403309243,6.61271712862115,1.7658618170053832,96,16,6,50,30.0,0.0,0.0,G,,False
0,1.7941239030934562,1.6943660565358272,3.460012787156085,0.9175304351785681,142,71,2,50,30.0,0.0,0.0,G,,False
0,3.95123820987443,3.7500572956250124,7.816168099440458,2.079394042369591,39,13,3,50,30.0,0.0,0.0,G,,False
0,1.2162883188495703,1.1526336682360423,2.3603928136094523,0.6269925187256417,239,239,1,50,30.0,0.0,0.0,G,,False
0,1.709022302101114,1.6079051102313144,3.32125266242499,0.8877363338947545,268,67,4,50,30.0,0.0,0.0,G,,False
0,1.3277327166918405,1.2368448769520484,2.549825178491694,0.684303823082301,256,128,2,50,30.0,0.0,0.0,G,,False
0,1.3814320076009652,1.302618648926888,2.6577768416879493,0.710879868901983,238,119,2,50,30.0,0.0,0.0,G,,False
0,2.9865151807236416,2.8040094903594195,5.724522273100581,1.5207692238144503,140,20,7,50,30.0,0.0,0.0,G,,False
0,2.370154269744089,2.2070052688238206,4.690296061625432,1.2699642246298164,210,30,7,50,30.0,0.0,0.0,G,,False
0,1.9184901547470345,1.791744191723616,3.6798347387892973,0.9951871731224432,88,88,1,50,30.0,0.0,0.0,G,,False
0,1.6576654077259314,1.559888631244526,3.220194294471086,0.8614761149560165,122,122,1,50,30.0,0.0,0.0,G,,False
0,2.494780733696872,2.3435093372430273,4.893149658295386,1.312438332771904,120,30,4,50,30.0,0.0,0.0,G,,False
0,1.7173498808470546,1.6270631621929965,3.3861419011982528,0.9143858182857025,207,69,3,50,30.0,0.0,0.0,G,,False
0,1.5050492645368263,1.4257379600858684,2.9059720950325914,0.7835756079870018,149,149,1,50,30.0,0.0,0.0,G,,False
0,1.5206628163164366,1.4303119419501371,3.0042007428206285,0.8103971888930106,148,148,1,50,30.0,0.0,0.0,G,,False
0,3.8347206715188977,3.596792297566658,7.309563075927033,1.991508007674977,72,12,6,50,30.0,0.0,0.0,G,,False
0,1.679871637151445,1.5794493986970153,3.275060129537141,0.8629973412867922,162,81,2,50,30.0,0.0,0.0,G,,False
0,2.120071343322642,1.9947416605236157,4.13142593234933,1.0988280977344682,138,46,3,50,30.0,0.0,0.0,G,,False
0,2.031282602892204,1.9433859356838,3.9672826352472472,1.0593276756396772,75,75,1,50,30.0,0.0,0.0,G,,False
0,1.7344266399773782,1.6401729262860982,3.445396914820499,0.916994965671916,105,105,1,50,30.0,0.0,0.0,G,,False
0,3.422879972163319,3.1552151475384846,6.890971171479994,1.8687899360915843,25,25,1,50,30.0,0.0,0.0,G,,False
0,1.2800497323729227,1.2008759340054098,2.5107334302607733,0.6695989427910578,218,218,1,50,30.0,0.0,0.0,G,,False
0,1.4752427817297544,1.395989267452343,2.859636868253085,0.7589325170614486,216,108,2,50,30.0,0.0,0.0,G,,False
0,6.208062241914904,5.835771381710934,12.290504592412995,3.2551822074949373,12,6,2,50,30.0,0.0,0.0,G,,False
0,1.7675367024277415,1.6787807502099668,3.4132121961218114,0.9051235173596685,148,74,2,50,30.0,0.0,0.0,G,,False
0,3.1631611142831972,2.9115694995649974,6.3079379046892585,1.6686403821871956,46,23,2,50,30.0,0.0,0.0,G,,False
0,2.3782810412229183,2.2347413778490903,4.620193150032385,1.2509353618940406,82,41,2,50,30.0,0.0,0.0,G,,False
0,1.1369034529262743,1.0845134142205808,2.1657084728560285,0.5788480182181736,292,292,1,50,30.0,0.0,0.0,G,,False
0,2.0792970305774534,1.9328993698157504,4.144925159093088,1.1208692665521225,168,42,4,50,30.0,0.0,0.0,G,,False
0,1.709407988319227,1.6141017463654777,3.2980984881401563,0.8864436338976619,204,68,3,50,30.0,0.0,0.0,G,,False
0,1.2270540132049204,1.137508188526347,2.4304997391891034,0.6557141466791857,227,227,1,50,30.0,0.0,0.0,G,,False
0,3.4221490699923742,3.1652361900199963,6.758772879474711,1.79876360621698,75,15,5,50,30.0,0.0,0.0,G,,False
0,1.8906776357063442,1.7456586702820118,3.713514598548523,0.9910205669278657,91,91,1,50,30.0,0.0,0.0,G,,False
0,2.1847018272684195,2.0603663177663023,4.174407877989762,1.107752319247336,100,50,2,50,30.0,0.0,0.0,G,,False
0,1.8073906648098126,1.6699260737149118,3.5807485907997316,0.9579153377075533,140,70,2,50,30.0,0.0,0.0,G,,False
0,3.2581020843375263,3.0194492393925643,6.491433173429181,1.743860521513544,28,28,1,50,30.0,0.0,0.0,G,,False
0,2.1416058125892126,2.0248496291909674,4.145552682168962,1.1242165720881698,94,47,2,50,30.0,0.0,0.0,G,,False
0,12.995776834627879,12.13981999422169,25.404425764933908,6.737611840602186,7,1,7,50,30.0,0.0,0.0,G,,False
0,2.17917619897301,2.024840647552999,4.371664753033621,1.192434165577759,190,38,5,50,30.0,0.0,0.0,G,,False
0,2.372808170365579,2.191271418385618,4.710982487454577,1.2642552622137326,53,53,1,50,30.0,0.0,0.0,G,,False
0,1.4526899518249532,1.3470851223763205,2.8687339448323934,0.7577752858814814,288,96,3,50,30.0,0.0,0.0,G,,False
0,2.0327807125517503,1.8867970090348507,4.0219420524075105,1.0741145558106489,144,48,3,50,30.0,0.0,0.0,G,,False
0,1.395561596758134,1.310889812283527,2.721229442868967,0.7288865804434473,175,175,1,50,30.0,0.0,0.0,G,,False
0,1.2659107825405966,1.2015553380979256,2.4363690934295494,0.64616070575851,234,234,1,50,30.0,0.0,0.0,G,,False
0,6.361292366639105,5.947884064644754,12.69845334340628,3.406117339200556,7,7,1,50,30.0,0.0,0.0,G,,False
0,2.1446831580747903,2.0037842661502054,4.189779971238471,1.115988067957816,164,41,4,50,30.0,0.0,0.0,G,,False
0,1.6924617512044293,1.5780740714742905,3.3587235460570617,0.8896665715917812,104,104,1,50,30.0,0.0,0.0,G,,False
0,1.3442055929045824,1.2746311559201047,2.63444284895883,0.7140122885841983,191,191,1,50,30.0,0.0,0.0,G,,False
0,2.1978086283243052,2.0297895700306796,4.239681848486273,1.136696473300754,195,39,5,50,30.0,0.0,0.0,G,,False
0,2.007873908974343,1.8860910327178289,3.8830842926757283,1.0649936697884292,188,47,4,50,30.0,0.0,0.0,G,,False
0,2.8937532397024723,2.7456692876705517,5.585788031313277,1.4883453477532047,126,21,6,50,30.0,0.0,0.0,G,,False
0,4.951421864227095,4.702075195585735,9.843415600494158,2.628682899234163,18,9,2,50,30.0,0.0,0.0,G,,False
0,1.3277054292097337,1.220767497618695,2.6778976824298133,0.7058548504562615,190,190,1,50,30.0,0.0,0.0,G,,False
0,1.6874915601001403,1.5589101397409877,3.313861890618736,0.8738061427420075,172,86,2,50,30.0,0.0,0.0,G,,False
0,1.4704316897065646,1.3770561084056112,2.903222665304906,0.7815328801157743,279,93,3,50,30.0,0.0,0.0,G,,False
0,1.135977334369635,1.0783861509752697,2.1605200194163787,0.5841520434767933,289,289,1,50,30.0,0.0,0.0,G,,False
0,1.3056900237567952,1.2456979389427474,2.5379637318993287,0.6794072115378512,276,138,2,50,30.0,0.0,0.0,G,,False
0,2.194384978388133,2.052015344325902,4.372697340509784,1.1925269581324744,152,38,4,50,30.0,0.0,0.0,G,,False
0,1.1146266245383745,1.045514250308031,2.1227198586627924,0.5639118508349997,299,299,1,50,30.0,0.0,0.0,G,,False
0,1.8897408601030883,1.7852149427277766,3.71798726800555,0.9898363641854135,90,90,1,50,30.0,0.0,0.0,G,,False
0,1.8134953526650186,1.758960011416562,3.509047733687648,0.9468089829215758,138,69,2,50,30.0,0.0,0.0,G,,False
0,9.697901955712409,9.177797241361667,18.47597874635938,5.041469217969458,8,2,4,50,30.0,0.0,0.0,G,,False
0,2.5196294774559393,2.3915718789428055,4.858258085368474,1.29832582674276,96,32,3,50,30.0,0.0,0.0,G,,False
0,1.4456292699446456,1.3491300102018542,2.8257237328534948,0.7504060180078362,165,165,1,50,30.0,0.0,0.0,G,,False
0,1.5048088502226165,1.4116219371794685,2.8814600619660014,0.7786425292983576,202,101,2,50,30.0,0.0,0.0,G,,False
0,2.1322257602955323,2.001945206476229,4.135472569023274,1.1150138486744128,228,38,6,50,30.0,0.0,0.0,G,,False
0,2.3246777255516347,2.1236350161471407,4.575562461613145,1.2367128517211472,56,56,1,50,30.0,0.0,0.0,G,,False
0,2.1504396387911546,2.001419823531279,4.199404549653844,1.1386968591183129,102,51,2,50,30.0,0.0,0.0,G,,False
0,3.5530027480102366,3.25768281995866,7.042096377442168,1.880514646789401,24,24,1,50,30.0,0.0,0.0,G,,False
0,1.9533192308532663,1.8140445743006666,3.883525047158871,1.0504029561782604,235,47,5,50,30.0,0.0,0.0,G,,False
0,1.3649933640339262,1.2650549292037212,2.7132530264029624,0.7421384853070943,246,123,2,50,30.0,0.0,0.0,G,,False
0,3.9129079789650176,3.7295586400986735,7.481095562276318,2.0227136815919895,60,12,5,50,30.0,0.0,0.0,G,,False
0,1.6136540763645135,1.4987215494976027,3.160047428931258,0.8555580831604196,124,124,1,50,30.0,0.0,0.0,G,,False
0,1.9266239919180088,1.816510016339251,3.7121866437533186,0.9953232635142487,250,50,5,50,30.0,0.0,0.0,G,,False
0,1.5661270851908415,1.4657310097356273,3.0047609218453877,0.8174111717659794,133,133,1,50,30.0,0.0,0.0,G,,False
0,2.6632750669377865,2.494912563878401,5.195529868214585,1.3844834092537706,125,25,5,50,30.0,0.0,0.0,G,,False
0,4.154339601622507,3.926626685209129,8.059385717451352,2.171009498330286,44,11,4,50,30.0,0.0,0.0,G,,False
0,3.1532220387859153,2.929522046043516,6.38935437603478,1.6810955935435181,95,19,5,50,30.0,0.0,0.0,G,,False
0,2.5976691705182815,2.4697416617391426,5.049512827869291,1.353535367284694,112,28,4,50,30.0,0.0,0.0,G,,False
0,2.534307329106638,2.3751929833630285,4.91304927011096,1.3159122613919554,116,29,4,50,30.0,0.0,0.0,G,,False
0,1.7459691175400154,1.6146769510743084,3.3509201918889615,0.9217322014093355,152,76,2,50,30.0,0.0,0.0,G,,False
0,1.1522998829893603,1.0780005007526583,2.2361235133803152,0.5940545842378487,281,281,1,50,30.0,0.0,0.0,G,,False
0,6.112048835438204,5.658945716887004,12.20687489850532,3.269587303236014,8,8,1,50,30.0,0.0,0.0,G,,False
0,4.4053383955826035,4.144062150946645,8.741108922171344,2.3187250821883154,54,9,6,50,30.0,0.0,0.0,G,,False
0,2.962977576565217,2.8302726822213344,5.669085786491498,1.5417131370025714,105,21,5,50,30.0,0.0,0.0,G,,False
0,2.466542988685076,2.3356823736057493,4.906269727710918,1.3285771032880451,196,28,7,50,30.0,0.0,0.0,G,,False
0,2.744400283346453,2.5146008604524113,5.607811591919815,1.502710834660163,41,41,1,50,30.0,0.0,0.0,G,,False
0,4.075507847310558,3.8275100137133933,8.047795655037127,2.2014264876040226,36,12,3,50,30.0,0.0,0.0,G,,False
0,2.1728422810323296,2.022333805648124,4.271941566275368,1.1638849656686714,66,66,1,50,30.0,0.0,0.0,G,,False
0,4.7810468909168,4.57230692715796,9.152563889256317,2.454677610278959,32,8,4,50,30.0,0.0,0.0,G,,False
0,1.6561064608134979,1.5462151256288905,3.2292986994411828,0.8674627976067207,123,123,1,50,30.0,0.0,0.0,G,,False
0,1.7929597492230192,1.690867978723361,3.497822442574765,0.9276459651176606,106,106,1,50,30.0,0.0,0.0,G,,False
0,1.1706824195328627,1.099515878910637,2.331555351244352,0.6133956471392144,268,268,1,50,30.0,0.0,0.0,G,,False
0,1.2911772253250264,1.215259465265575,2.520615441004652,0.6770100921649951,211,211,1,50,30.0,0.0,0.0,G,,False
0,1.9168828311322896,1.783551903520383,3.759481636196321,1.0276245059128621,204,51,4,50,30.0,0.0,0.0,G,,False
0,2.838185688649888,2.63452942572885,5.484910012223627,1.4877150264277323,154,22,7,50,30.0,0.0,0.0,G,,False
0,2.857463582147025,2.727610318873964,5.454585525859226,1.4843438976505263,115,23,5,50,30.0,0.0,0.0,G,,False
0,1.635019640925442,1.5287548367274013,3.2076860273070054,0.8680355828610529,222,74,3,50,30.0,0.0,0.0,G,,False
0,1.3401907271761835,1.277143957611834,2.618705631161337,0.7035951418161103,189,189,1,50,30.0,0.0,0.0,G,,False
0,2.0805259525497313,1.9284646720213559,4.059053536470311,1.1085816748880306,141,47,3,50,30.0,0.0,0.0,G,,False
0,2.129235768517183,1.9887792538588656,4.14979971490081,1.131243018661536,200,40,5,50,30.0,0.0,0.0,G,,False
0,7.438578155804544,6.96458288743478,14.693943513876036,3.894826321648541,21,3,7,50,30.0,0.0,0.0,G,,False
0,1.2729272631413815,1.1842666501841705,2.5220758745835354,0.676816670659921,286,143,2,50,30.0,0.0,0.0,G,,False
0,1.6142967300346964,1.495030771000721,3.1475306129045393,0.8344428177414134,182,91,2,50,30.0,0.0,0.0,G,,False
0,1.9881490789582221,1.8653708582842796,3.9633796717840397,1.0752558490111865,112,56,2,50,30.0,0.0,0.0,G,,False
0,4.098206155151344,3.803306991803872,8.043780608097284,2.231138493556692,18,18,1,50,30.0,0.0,0.0,G,,False
0,1.1140798770877574,1.0517904392483146,2.139910048320572,0.5801180100210025,295,295,1,50,30.0,0.0,0.0,G,,False
0,5.986638369339541,5.611955636642946,11.575190562767961,3.112305523520959,30,5,6,50,30.0,0.0,0.0,G,,False
0,4.967306523530544,4.727687234024117,9.64324178994268,2.5258584218565385,24,8,3,50,30.0,0.0,0.0,G,,False
0,4.718919269095022,4.331338711743385,9.533031965829263,2.548719149711278,13,13,1,50,30.0,0.0,0.0,G,,False
0,1.4862909174401644,1.3801077691620023,2.932860905788545,0.7940180681768686,206,103,2,50,30.0,0.0,0.0,G,,False
0,1.54314256031981,1.4315140890496991,2.967384179869134,0.7869914440151347,255,85,3,50,30.0,0.0,0.0,G,,False
0,3.113737623099478,2.9034436463036712,6.0766954255687065,1.6090107576146748,32,32,1,50,30.0,0.0,0.0,G,,False
0,7.59823212098045,6.970479777517589,15.116851320672579,4.0914930553653255,18,3,6,50,30.0,0.0,0.0,G,,False
0,1.1396257853141591,1.0748035453617817,2.2214793028591346,0.5921194098207851,283,283,1,50,30.0,0.0,0.0,G,,False
0,2.2218604812523264,2.0930097277712463,4.271755622246357,1.146476310448871,238,34,7,50,30.0,0.0,0.0,G,,False
0,1.197648764742879,1.1350393222496749,2.2236664248721185,0.5913177879110741,257,257,1,50,30.0,0.0,0.0,G,,False
0,1.0982870325173066,1.0343875907355056,2.1195547613719325,0.5610336445006112,298,298,1,50,30.0,0.0,0.0,G,,False
0,1.7080613660800723,1.5845279911950456,3.315292138477951,0.8937913454835336,260,65,4,50,30.0,0.0,0.0,G,,False
0,1.8909216090214715,1.7515384253344308,3.766480345833708,1.0072977467919884,86,86,1,50,30.0,0.0,0.0,G,,False
0,7.850032914455293,7.312898877116233,15.721395378560509,4.1505784707835085,12,3,4,50,30.0,0.0,0.0,G,,False
0,4.7706621221910535,4.492843789043903,9.258716743792752,2.4846338858438832,48,8,6,50,30.0,0.0,0.0,G,,False
0,2.637259302178312,2.4945890391067707,5.061661796559271,1.3750131097031837,62,31,2,50,30.0,0.0,0.0,G,,False
0,1.3921486886627512,1.3062799747716198,2.7630649887941083,0.742555978082974,234,117,2,50,30.0,0.0,0.0,G,,False
0,2.492448696325628,2.3286840537684625,4.896533173581699,1.2993935353069055,72,36,2,50,30.0,0.0,0.0,G,,False
0,1.1362030308019884,1.0784525829414306,2.176683342869469,0.5708336683079535,272,272,1,50,30.0,0.0,0.0,G,,False
0,2.0444335661145163,1.953343188114161,4.061605518923796,1.0654739823724821,110,55,2,50,30.0,0.0,0.0,G,,False
0,1.7087057090264262,1.603443521466886,3.334123349297885,0.8976562896089646,109,109,1,50,30.0,0.0,0.0,G,,False
0,1.5535420203463821,1.4544507462084084,3.0896203902746677,0.8492213526581636,258,86,3,50,30.0,0.0,0.0,G,,False
0,8.204737004763276,7.683223786821117,16.113422601531347,4.239489489944153,9,3,3,50,30.0,0.0,0.0,G,,False
0,1.1762116080035858,1.112706886220252,2.2447947004241815,0.6009680269467181,256,256,1,50,30.0,0.0,0.0,G,,False
0,1.7664070069121873,1.6418245368624937,3.577231799980018,0.9460960586635004,95,95,1,50,30.0,0.0,0.0,G,,False
0,1.9647456137314114,1.838739373663735,3.811685513323694,1.0356073289087642,159,53,3,50,30.0,0.0,0.0,G,,False
0,2.8171508968350607,2.609985009405854,5.517661879995323,1.497330945708655,38,38,1,50,30.0,0.0,0.0,G,,False
0,1.307831814659606,1.2418237706654196,2.561627553118528,0.6807134648584617,203,203,1,50,30.0,0.0,0.0,G,,False
0,2.3275045117096065,2.2146015682048628,4.621958118457686,1.2558185487357012,57,57,1,50,30.0,0.0,0.0,G,,False
0,1.7051480267117407,1.5875369729912379,3.3680996634205993,0.8947099506726328,164,82,2,50,30.0,0.0,0.0,G,,False
0,1.5556060971365977,1.4479606577684265,3.0924291792370977,0.8362832271863772,240,80,3,50,30.0,0.0,0.0,G,,False
0,1.4350110175242092,1.3484587169872881,2.7705511295639735,0.7263836987601789,166,166,1,50,30.0,0.0,0.0,G,,False
0,5.684412667781256,5.257558028669479,11.283480866749533,3.031048159428868,18,6,3,50,30.0,0.0,0.0,G,,False
0,1.8206595300579087,1.741199503258187,3.583095943355377,0.9502273885074969,186,62,3,50,30.0,0.0,0.0,G,,False
0,2.952353483366327,2.816815825113821,5.776669554342027,1.545269155592215,35,35,1,50,30.0,0.0,0.0,G,,False
0,1.4045549556094976,1.3133032137881315,2.720810631152484,0.7309316445404388,167,167,1,50,30.0,0.0,0.0,G,,False
0,3.200520650974583,3.012450127766897,6.303112637595545,1.702339366249341,29,29,1,50,30.0,0.0,0.0,G,,False
0,1.2298454787092414,1.1634082338917153,2.417798882396255,0.6451515137386142,228,228,1,50,30.0,0.0,0.0,G,,False
0,2.550333529984053,2.3930561101610195,4.961570449183407,1.3262052685529522,70,35,2,50,30.0,0.0,0.0,G,,False
0,1.3530478745421122,1.2674061796056222,2.6035401780228677,0.7082408829502099,183,183,1,50,30.0,0.0,0.0,G,,False
0,1.1257678487941676,1.069799718218846,2.1348055518861595,0.5693621642732983,293,293,1,50,30.0,0.0,0.0,G,,False
0,3.6034126610697816,3.3861703012572875,6.997674035698036,1.8896856047128299,34,17,2,50,30.0,0.0,0.0,G,,False
0,2.4915497633377988,2.3749606344419476,4.74143476587748,1.2284136377476735,180,30,6,50,30.0,0.0,0.0,G,,False
0,3.154788458437884,2.9813692695150564,6.113307461179747,1.6440187129224788,90,18,5,50,30.0,0.0,0.0,G,,False
0,3.2229591631178844,3.046755100750083,6.3300786446510475,1.7084374943157912,102,17,6,50,30.0,0.0,0.0,G,,False
0,2.090730023777075,2.003351460096276,4.025383207118107,1.0931633777600747,72,72,1,50,30.0,0.0,0.0,G,,False
0,1.6081462057436813,1.523648887086047,3.083908824811836,0.826549406826567,168,84,2,50,30.0,0.0,0.0,G,,False
0,2.238268635334897,2.133208765788602,4.412126469314927,1.1798946461552315,90,45,2,50,30.0,0.0,0.0,G,,False
0,1.1369847712866268,1.0827244042774709,2.148469685774514,0.575553754330494,282,282,1,50,30.0,0.0,0.0,G,,False
0,1.2368994108027414,1.1452044370429206,2.4004148726112837,0.638549716875575,235,235,1,50,30.0,0.0,0.0,G,,False
0,2.692786371552653,2.5006662164092504,5.381667304664963,1.421627962872936,87,29,3,50,30.0,0.0,0.0,G,,False
0,1.5929437618288467,1.5011523978404568,3.1073265786859836,0.8344484705791344,243,81,3,50,30.0,0.0,0.0,G,,False
0,1.6095684408198299,1.4965647812720775,3.1369554244861355,0.8473540597605894,190,95,2,50,30.0,0.0,0.0,G,,False
0,1.2730570004512527,1.2068336166660671,2.446990637614621,0.6523913467888629,219,219,1,50,30.0,0.0,0.0,G,,False
0,1.8802699557926954,1.794528493005977,3.694885737714164,0.9784824896750525,220,55,4,50,30.0,0.0,0.0,G,,False
0,1.383233000172212,1.315991209302581,2.767282989470225,0.7257522385045737,244,122,2,50,30.0,0.0,0.0,G,,False
0,2.107725383249704,1.9610002181772757,4.253983952649558,1.1229320894495316,67,67,1,50,30.0,0.0,0.0,G,,False
0,1.4904385065709287,1.3959947065623268,2.8982293668638257,0.786514396369636,270,90,3,50,30.0,0.0,0.0,G,,False
0,1.2222297780123783,1.152784048348515,2.377708553879789,0.6304200073456034,233,233,1,50,30.0,0.0,0.0,G,,False
0,3.8887959832768817,3.6760932383884395,7.531278485112621,2.0355660688254815,30,15,2,50,30.0,0.0,0.0,G,,False
0,1.415239399204032,1.3249135345510226,2.7381159657436274,0.7312546952532897,171,171,1,50,30.0,0.0,0.0,G,,False
0,2.8697175553889873,2.6704747829377027,5.483277331053562,1.4627201025178755,132,22,6,50,30.0,0.0,0.0,G,,False
0,1.2938568150353362,1.2116648851920075,2.576490203279209,0.6836573656740322,199,199,1,50,30.0,0.0,0.0,G,,False
0,1.577217329143702,1.4829311930188922,3.1236456953065024,0.8344165616856383,128,128,1,50,30.0,0.0,0.0,G,,False
0,1.8685350110761612,1.7580199340264713,3.6785431315107817,0.9977603950417705,132,66,2,50,30.0,0.0,0.0,G,,False
0,6.125202683708824,5.689186072036705,12.206458235210501,3.293291015750082,20,5,4,50,30.0,0.0,0.0,G,,False
0,1.3740313161428297,1.282643419180964,2.759696381934698,0.7342232710024856,173,173,1,50,30.0,0.0,0.0,G,,False
0,2.128722964787503,2.011588363423506,4.128250702965828,1.1270160463792012,129,43,3,50,30.0,0.0,0.0,G,,False
0,3.348299508504094,3.0994822712989887,6.651811992656391,1.7906770599377184,27,27,1,50,30.0,0.0,0.0,G,,False
0,1.7217428110498796,1.5989878428613196,3.4544509428003876,0.9261806909972149,156,78,2,50,30.0,0.0,0.0,G,,False
0,2.398907495092843,2.284140926223209,4.628137043230355,1.253162915618064,105,35,3,50,30.0,0.0,0.0,G,,False
0,2.0548318441075937,1.9580474045302125,3.954224903310505,1.05478384619457,180,45,4,50,30.0,0.0,0.0,G,,False
0,1.532951662157466,1.433430694164585,2.9320377705839666,0.7953083057731749,210,105,2,50,30.0,0.0,0.0,G,,False
0,3.43385116912646,3.2172083501506563,6.829926247145367,1.7920358253332183,51,17,3,50,30.0,0.0,0.0,G,,False
0,2.2608584650706,2.1052140581045222,4.426814710035208,1.1923561457658702,60,60,1,50,30.0,0.0,0.0,G,,False
0,1.5278327257169693,1.4229896928908303,3.0515469304154386,0.8268345246280765,196,98,2,50,30.0,0.0,0.0,G,,False
0,1.2752489842109367,1.195468768016724,2.487104219482502,0.6525054792060792,224,224,1,50,30.0,0.0,0.0,G,,False
0,1.4568458311396033,1.3873909737191354,2.7814606038244882,0.7432399907966397,154,154,1,50,30.0,0.0,0.0,G,,False
0,1.2085831975781258,1.1370241751197767,2.3542838229468086,0.6252836542044748,245,245,1,50,30.0,0.0,0.0,G,,False
0,5.155297223942971,4.872095060152056,9.779990171365004,2.595494444067371,35,7,5,50,30.0,0.0,0.0,G,,False
0,2.991668923501642,2.83096779386225,5.835599617655854,1.5675284398104772,133,19,7,50,30.0,0.0,0.0,G,,False
0,8.500900076043745,7.7612048245524505,16.924219072491525,4.5601606331811535,6,3,2,50,30.0,0.0,0.0,G,,False
0,3.571634228901071,3.412116874291513,6.995583001359687,1.8494692396228782,60,15,4,50,30.0,0.0,0.0,G,,False
0,3.136023665923953,2.9227767039283776,6.324312632928278,1.6611864261963911,31,31,1,50,30.0,0.0,0.0,G,,False
0,1.3238219998364358,1.2339664167833746,2.6164424089487914,0.7031673353594861,266,133,2,50,30.0,0.0,0.0,G,,False
0,2.807959520275599,2.61856212720609,5.540206090953739,1.4902468181971955,92,23,4,50,30.0,0.0,0.0,G,,False
0,1.987175969626131,1.8320569254570955,4.025333867878816,1.0538021017320658,230,46,5,50,30.0,0.0,0.0,G,,False
0,2.189309965708102,2.068970535643153,4.330940763732629,1.1499406189297046,160,40,4,50,30.0,0.0,0.0,G,,False
0,4.196155463250862,3.9182365597965187,8.187597177830096,2.2088162966179414,60,10,6,50,30.0,0.0,0.0,G,,False
0,2.7059274261266038,2.5700483074603184,5.282884249327115,1.377006433053512,108,27,4,50,30.0,0.0,0.0,G,,False
0,3.7421837776606126,3.491107567980386,7.314141772985764,1.9835796394878915,42,14,3,50,30.0,0.0,0.0,G,,False
0,2.3456384556448273,2.1976891108745775,4.536252390638582,1.199923451750153,224,32,7,50,30.0,0.0,0.0,G,,False
0,1.358631234173301,1.2740611960132142,2.616473938313485,0.7200128958692786,185,185,1,50,30.0,0.0,0.0,G,,False
0,1.2826598219426764,1.1942814523679957,2.4431143652743095,0.6629626651541988,206,206,1,50,30.0,0.0,0.0,G,,False
0,1.8316797323347027,1.7350517896128892,3.5376749120733084,0.9519575927179172,97,97,1,50,30.0,0.0,0.0,G,,False
0,2.538158609521877,2.3534666324898907,5.014604933337911,1.3400019276154023,168,28,6,50,30.0,0.0,0.0,G,,False
0,1.931881436517739,1.8269838854327176,3.8083137218195433,1.0143353725417792,122,61,2,50,30.0,0.0,0.0,G,,False
0,3.2135122417339215,3.066619770648316,6.289409228731723,1.6885512176286863,85,17,5,50,30.0,0.0,0.0,G,,False
0,2.766046756801424,2.5841366238493393,5.433715503210057,1.4867921931097376,104,26,4,50,30.0,0.0,0.0,G,,False
0,1.792110625703298,1.7123065277602691,3.4842945672205055,0.9382891693317269,285,57,5,50,30.0,0.0,0.0,G,,False
0,1.984416441380165,1.847970729246697,3.895220032153331,1.040745481631403,116,58,2,50,30.0,0.0,0.0,G,,False
0,4.247634854104533,3.944088413991821,8.196239847259154,2.308324088900679,50,10,5,50,30.0,0.0,0.0,G,,False
0,1.4235773173602633,1.347939543079704,2.7996657926873474,0.7229300117161899,228,114,2,50,30.0,0.0,0.0,G,,False
0,1.1484700849694118,1.1076560910206084,2.1981079567091895,0.587550188555852,274,274,1,50,30.0,0.0,0.0,G,,False
0,2.747848885789026,2.5867073626812456,5.390069972740033,1.421664543486075,138,23,6,50,30.0,0.0,0.0,G,,False
0,2.340230783629748,2.1815972065968907,4.5450394986035665,1.2120498351257953,108,36,3,50,30.0,0.0,0.0,G,,False
0,1.7266975369785547,1.6106036927851122,3.3373742330683114,0.8835503214087651,107,107,1,50,30.0,0.0,0.0,G,,False
0,1.4852696160738843,1.370192612165198,2.936343432217277,0.7942742638637517,204,102,2,50,30.0,0.0,0.0,G,,False
0,4.445329490569109,4.1964687632938364,8.631261249437843,2.30308907737917,30,10,3,50,30.0,0.0,0.0,G,,False
0,5.935409867925166,5.641152416103921,11.334745553545849,2.9984878823421175,25,5,5,50,30.0,0.0,0.0,G,,False
0,14.098053345447306,13.180176765312524,27.624466118649252,7.518275550525893,3,1,3,50,30.0,0.0,0.0,G,,False
0,2.2329282496943326,2.0838961479807665,4.43171318647167,1.1972664495960241,59,59,1,50,30.0,0.0,0.0,G,,False
0,1.956283003208064,1.8508281199069572,3.7860679504269714,1.019914067660141,240,48,5,50,30.0,0.0,0.0,G,,False
0,2.0703826105997414,1.9250692084998562,4.16717737111211,1.122216755096842,104,52,2,50,30.0,0.0,0.0,G,,False
0,2.8535510256969525,2.6620585443338456,5.615682766922838,1.4953803053173964,56,28,2,50,30.0,0.0,0.0,G,,False
0,1.6239394179907762,1.5178951054238894,3.135249683209976,0.840830340234605,170,85,2,50,30.0,0.0,0.0,G,,False
0,1.899959882226742,1.7806248854413838,3.7387044145205968,1.013709442647622,89,89,1,50,30.0,0.0,0.0,G,,False
0,2.935039911913771,2.7724196479527095,5.690236314657492,1.553708279259163,69,23,3,50,30.0,0.0,0.0,G,,False
0,2.5731845351998905,2.4260223051310774,5.071684660797695,1.350918129330092,182,26,7,50,30.0,0.0,0.0,G,,False
0,2.450797030800888,2.306103739994896,4.921495733590713,1.3068968603484303,54,54,1,50,30.0,0.0,0.0,G,,False
0,10.060211856449897,9.590461067524593,19.59146640811851,5.267259023675004,3,3,1,50,30.0,0.0,0.0,G,,False
0,2.573815006782,2.398429282201569,5.005129543601515,1.3591179482010884,46,46,1,50,30.0,0.0,0.0,G,,False
0,1.520604238907742,1.4280725435796953,2.9306998512883884,0.800561249390659,142,142,1,50,30.0,0.0,0.0,G,,False
0,1.2048936158003143,1.1501411535938786,2.312065111775299,0.6212956648882978,247,247,1,50,30.0,0.0,0.0,G,,False
0,1.5082448626516476,1.4017547477481855,2.954385599732053,0.803812444356535,146,146,1,50,30.0,0.0,0.0,G,,False
0,2.0410547048286145,1.8714394151213796,4.0235559212932746,1.0815097230234143,76,76,1,50,30.0,0.0,0.0,G,,False
0,2.6868753232841307,2.525828328927524,5.230938601137767,1.3892909748487419,144,24,6,50,30.0,0.0,0.0,G,,False
0,3.754526055691169,3.5344562061990104,7.397599968994716,2.0239143005845897,56,14,4,50,30.0,0.0,0.0,G,,False
0,1.9176799121103445,1.8197559796007141,3.7706722289252133,0.9966870376806749,165,55,3,50,30.0,0.0,0.0,G,,False
0,2.929525320936609,2.77758159920068,5.563435170361508,1.4902121663487649,54,27,2,50,30.0,0.0,0.0,G,,False
0,2.0121150886473047,1.9068185380741838,3.9172465440602724,1.0403881579183856,114,57,2,50,30.0,0.0,0.0,G,,False
0,1.138377724229537,1.072166768043651,2.196954996959569,0.5873383230083535,296,296,1,50,30.0,0.0,0.0,G,,False
0,2.405729059577402,2.2433344279759666,4.793970550278964,1.2935419637798693,80,40,2,50,30.0,0.0,0.0,G,,False
0,3.730318406115751,3.5417369019173535,7.362891183466157,1.9864990070216606,32,16,2,50,30.0,0.0,0.0,G,,False
0,1.5410760550415474,1.450910686073506,2.963901159135852,0.8063164032521614,261,87,3,50,30.0,0.0,0.0,G,,False
0,2.682210894101687,2.4949839246263963,5.351023604870854,1.4267589521222652,84,28,3,50,30.0,0.0,0.0,G,,False
0,1.5006072484632487,1.3896219108574286,2.8888239294333005,0.7874790965319107,153,153,1,50,30.0,0.0,0.0,G,,False
0,3.1440109277277033,2.9231493791689047,6.183583368357696,1.6679137558700983,126,18,7,50,30.0,0.0,0.0,G,,False
0,1.6138690591457887,1.5259265674395834,3.142333650418636,0.8447476086525826,178,89,2,50,30.0,0.0,0.0,G,,False
0,4.800274034113876,4.496969267815608,9.279620529114734,2.4710113225201087,20,10,2,50,30.0,0.0,0.0,G,,False
0,1.8882762957749852,1.7824912247154288,3.6612352324088664,0.9992786599792457,128,64,2,50,30.0,0.0,0.0,G,,False
0,1.6627823749591495,1.5831815546691246,3.2621847926739624,0.8828485356380587,166,83,2,50,30.0,0.0,0.0,G,,False
0,1.8690707676990355,1.752623424300765,3.5963483335876902,0.9589478873097832,212,53,4,50,30.0,0.0,0.0,G,,False
0,1.2738793047500148,1.2129745954033453,2.4811931630853272,0.6655280882932498,214,214,1,50,30.0,0.0,0.0,G,,False
0,1.6812907111017363,1.5991380115200968,3.2227056202247697,0.8640907285582426,280,70,4,50,30.0,0.0,0.0,G,,False
0,1.192164468242324,1.1339677603966933,2.2417496069578413,0.6004004665818836,260,260,1,50,30.0,0.0,0.0,G,,False
0,1.8980237220271228,1.7904930284130742,3.808647523308774,0.9877453532271949,168,56,3,50,30.0,0.0,0.0,G,,False
0,16.972149680275308,15.894676851119641,33.75751156710766,9.305088423324628,1,1,1,50,30.0,0.0,0.0,G,,False
0,1.5103713654926207,1.4078501447544909,2.951269632045047,0.8091635691355422,200,100,2,50,30.0,0.0,0.0,G,,False
0,5.376059201420739,4.99193842409089,10.633887682973803,2.8518501992459324,16,8,2,50,30.0,0.0,0.0,G,,False
0,2.3052424214907554,2.1439428928646436,4.480759647090571,1.2083135875497693,111,37,3,50,30.0,0.0,0.0,G,,False
0,1.7861151478553834,1.6832790181365596,3.491697315304528,0.9256393835381713,101,101,1,50,30.0,0.0,0.0,G,,False
0,1.5627977951996799,1.4920340635824587,3.025188867975523,0.8134157353131324,252,84,3,50,30.0,0.0,0.0,G,,False
0,1.7710256820231995,1.6622405550896033,3.5422600289086104,0.9388323345475136,100,100,1,50,30.0,0.0,0.0,G,,False
0,13.402748172723722,12.707684666088255,26.340016788635914,7.113044042472565,5,1,5,50,30.0,0.0,0.0,G,,False
0,3.3282583591612767,3.070934455103739,6.60231338295672,1.7798283604281813,40,20,2,50,30.0,0.0,0.0,G,,False
0,2.9773532923611117,2.8026003358459946,5.7899129480609375,1.5176748631753954,52,26,2,50,30.0,0.0,0.0,G,,False
0,1.4267669828070066,1.3317144550954367,2.8181046422585685,0.7478175220576179,222,111,2,50,30.0,0.0,0.0,G,,False
0,1.889867629602109,1.7588835603963204,3.615340844245939,0.9733292443599039,265,53,5,50,30.0,0.0,0.0,G,,False
0,2.308729127097301,2.1669537206384675,4.43292825199611,1.2065372375797911,231,33,7,50,30.0,0.0,0.0,G,,False
0,1.6615222903022402,1.5671193752709058,3.253094910971286,0.8700353109363935,216,72,3,50,30.0,0.0,0.0,G,,False
0,3.3112720985989843,3.0774921979948573,6.495838061128831,1.7586658390448866,54,18,3,50,30.0,0.0,0.0,G,,False
0,2.198164777791829,2.118764204225144,4.2451119445134236,1.13916238558233,126,42,3,50,30.0,0.0,0.0,G,,False
0,2.781797283282135,2.6263022451841636,5.420024889130647,1.4357845215729619,78,26,3,50,30.0,0.0,0.0,G,,False
0,1.2679603005783713,1.1960120916843593,2.4268196999763454,0.6548844778789843,217,217,1,50,30.0,0.0,0.0,G,,False
0,2.1769430667327043,2.027615900060958,4.306657714378361,1.1508226714598018,96,48,2,50,30.0,0.0,0.0,G,,False
0,1.305786201431346,1.2351027245855448,2.5845165553284115,0.6816570367290256,280,140,2,50,30.0,0.0,0.0,G,,False
0,1.5566884131286598,1.4524022207362108,3.0014137528278484,0.7873036241425582,132,132,1,50,30.0,0.0,0.0,G,,False
0,3.1088172171719695,2.9002824658993447,5.9185977368434886,1.6252052107659978,108,18,6,50,30.0,0.0,0.0,G,,False
0,1.7925028398034466,1.657201460177184,3.5808714378833657,0.9671157761698644,134,67,2,50,30.0,0.0,0.0,G,,False
0,2.1038584343381115,2.0175813703642547,4.0751204531140255,1.093098520018017,273,39,7,50,30.0,0.0,0.0,G,,False
0,2.4488533691503407,2.317648773799661,4.778448013149684,1.2921951836510643,51,51,1,50,30.0,0.0,0.0,G,,False
0,1.829010911682058,1.750573673068999,3.558178154782894,0.9694733590376358,174,58,3,50,30.0,0.0,0.0,G,,False
0,13.563970243459075,12.781330530271,27.090267036959872,7.103043586033786,4,1,4,50,30.0,0.0,0.0,G,,False
0,3.348941597492103,3.138901180928528,6.524645516370811,1.772880587466043,105,15,7,50,30.0,0.0,0.0,G,,False
0,1.9291896476243997,1.8090610823273394,3.8280342357349744,1.0178453947582518,126,63,2,50,30.0,0.0,0.0,G,,False
0,1.3804353218746463,1.3064881638633352,2.7632402167388106,0.7299710419475169,177,177,1,50,30.0,0.0,0.0,G,,False
0,1.4709574140258301,1.4089833225080142,2.8334320793507164,0.7472191672578108,155,155,1,50,30.0,0.0,0.0,G,,False
0,2.442952616603864,2.3047601850753665,4.71479802699172,1.26903876857223,78,39,2,50,30.0,0.0,0.0,G,,False
0,4.623262669458976,4.381953527224553,9.02539074762644,2.443417344300625,14,14,1,50,30.0,0.0,0.0,G,,False
0,2.03002793434738,1.9053783727454316,3.9852872422707275,1.0682002118901166,147,49,3,50,30.0,0.0,0.0,G,,False
0,1.1492864381839265,1.099970610661103,2.201246364991339,0.5910097943948507,280,280,1,50,30.0,0.0,0.0,G,,False
0,2.742738754617073,2.571226481259828,5.4407065526967875,1.4307588759675844,81,27,3,50,30.0,0.0,0.0,G,,False
0,2.057931697995662,1.925885272445413,4.047771040513473,1.0617895469623908,184,46,4,50,30.0,0.0,0.0,G,,False
0,1.4049688451055227,1.3025592676523843,2.766931396579354,0.7575466672390979,230,115,2,50,30.0,0.0,0.0,G,,False
0,1.564172336418791,1.4636054868644592,3.0611304868177087,0.8133607609757475,131,131,1,50,30.0,0.0,0.0,G,,False
0,1.499548860201357,1.4063244467612606,2.9334545246715664,0.7943568570930389,144,144,1,50,30.0,0.0,0.0,G,,False
0,1.7090702312905315,1.5914990956658386,3.386247132353275,0.9208415437283176,264,66,4,50,30.0,0.0,0.0,G,,False
0,2.1958300290318755,2.056708921992616,4.3159829512777295,1.16654997118696,92,46,2,50,30.0,0.0,0.0,G,,False
0,3.6853212473516677,3.4570576764942516,7.267099735839557,1.9177975632378896,23,23,1,50,30.0,0.0,0.0,G,,False
0,1.7763116071817175,1.671491111903073,3.558291636409181,0.9578898614851902,146,73,2,50,30.0,0.0,0.0,G,,False
0,9.294249758154862,8.60452029491794,18.456628403459728,4.953115926859785,14,2,7,50,30.0,0.0,0.0,G,,False
0,4.504136811834071,4.160249439903467,8.968607410451423,2.410507995534963,22,11,2,50,30.0,0.0,0.0,G,,False
0,1.26111593686619,1.1926725525916027,2.4100577197867477,0.6331685036029813,298,149,2,50,30.0,0.0,0.0,G,,False
0,1.9579425029803665,1.851293330719578,3.825790161737685,1.0230308336144827,200,50,4,50,30.0,0.0,0.0,G,,False
0,1.1507356605098389,1.0723902506713756,2.2562513964164244,0.5995215596755249,265,265,1,50,30.0,0.0,0.0,G,,False
0,1.3111637127578397,1.2392890063268354,2.5335649199099866,0.6827928396488817,204,204,1,50,30.0,0.0,0.0,G,,False
0,2.81025853902955,2.601157167300819,5.559769150237535,1.544469057683608,39,39,1,50,30.0,0.0,0.0,G,,False
0,3.5054506437740267,3.251326926255153,6.848594666148613,1.8602844624711834,36,18,2,50,30.0,0.0,0.0,G,,False
0,2.324395106394309,2.174887515482091,4.604245413415408,1.255587584372494,144,36,4,50,30.0,0.0,0.0,G,,False
0,1.182938285325537,1.1248326220337717,2.2663792555912767,0.5976197828346799,255,255,1,50,30.0,0.0,0.0,G,,False
0,2.675760113561851,2.5405075978259575,5.228191786793295,1.3970272372069672,130,26,5,50,30.0,0.0,0.0,G,,False
0,1.767632053844118,1.7049601805850259,3.2875730593569004,0.8978751792604008,192,64,3,50,30.0,0.0,0.0,G,,False
0,1.8145213229124217,1.672924094285122,3.5563602414815727,0.9743067288998427,275,55,5,50,30.0,0.0,0.0,G,,False
0,6.676724322191659,6.200396642399163,13.120584004523772,3.5077272723462256,24,4,6,50,30.0,0.0,0.0,G,,False
0,1.8381320089188489,1.732352627000175,3.590714273853349,0.9846662594954693,177,59,3,50,30.0,0.0,0.0,G,,False
0,1.691853802387827,1.5900305054281674,3.2264994345481437,0.8757270453700535,113,113,1,50,30.0,0.0,0.0,G,,False
0,4.17206187990887,3.9309980388139394,8.090902782812872,2.179331254739665,26,13,2,50,30.0,0.0,0.0,G,,False
0,2.2017879072639253,2.043972004081837,4.437311414689942,1.1488168762752224,65,65,1,50,30.0,0.0,0.0,G,,False
0,1.4463723890265492,1.3934069635413735,2.7716415481364463,0.7602871973370623,161,161,1,50,30.0,0.0,0.0,G,,False
0,3.563162847205167,3.3803532652799575,7.019566112300468,1.9050959646475951,48,16,3,50,30.0,0.0,0.0,G,,False
0,4.259484547046378,4.010084306215795,8.403672585293547,2.2418038800657594,33,11,3,50,30.0,0.0,0.0,G,,False
0,2.10993951157572,1.941889210049041,4.2030418219178065,1.1200484570017517,73,73,1,50,30.0,0.0,0.0,G,,False
0,2.346825528282302,2.172577889553459,4.572200686937845,1.2167463826849496,55,55,1,50,30.0,0.0,0.0,G,,False
0,2.140429362316577,2.0638654083140935,4.163463586543178,1.1062648017733692,240,40,6,50,30.0,0.0,0.0,G,,False
0,1.667543621014549,1.5658010650671557,3.287010185839145,0.8764087824846505,114,114,1,50,30.0,0.0,0.0,G,,False
0,2.2775157847737235,2.12232421433184,4.428504525036015,1.2049515764659198,175,35,5,50,30.0,0.0,0.0,G,,False
0,1.5454150079087672,1.471661440372273,3.0128175417489307,0.8092458887718775,188,94,2,50,30.0,0.0,0.0,G,,False
0,1.3024384045138242,1.2464359992441985,2.5026578423690764,0.666110930464428,213,213,1,50,30.0,0.0,0.0,G,,False
0,1.9265155025312835,1.7960013850739855,3.8319147626784016,1.0273658757302488,124,62,2,50,30.0,0.0,0.0,G,,False
0,3.6122308505090666,3.3401300789085155,7.124315792746161,1.948803415504908,70,14,5,50,30.0,0.0,0.0,G,,False
0,1.9360681304068275,1.8308404850642361,3.786585180070896,1.0115232841441948,245,49,5,50,30.0,0.0,0.0,G,,False
0,2.194269581758993,2.0562611445520176,4.34917071788297,1.1675221959446325,64,64,1,50,30.0,0.0,0.0,G,,False
0,2.9954088869669606,2.826455647012125,5.9817493042371925,1.592816612545633,114,19,6,50,30.0,0.0,0.0,G,,False
0,2.535324599069468,2.3820353056422476,4.98239917812365,1.3100266673286647,189,27,7,50,30.0,0.0,0.0,G,,False
0,1.739207346261679,1.6370336756532282,3.3781982641007766,0.9223699806040685,201,67,3,50,30.0,0.0,0.0,G,,False
0,3.7709228730415707,3.4984065686324044,7.446331859983494,1.9877576784532398,65,13,5,50,30.0,0.0,0.0,G,,False
0,1.9500815139538357,1.8329557901783389,3.7286558427230942,0.9971631500661888,83,83,1,50,30.0,0.0,0.0,G,,False
0,1.212046949091115,1.1542048316464886,2.2972925063817846,0.6191035332722675,238,238,1,50,30.0,0.0,0.0,G,,False
0,2.237559193271717,2.074485698060613,4.4224055674801575,1.1775030562372442,123,41,3,50,30.0,0.0,0.0,G,,False
0,1.3963407637262417,1.3186895186446606,2.7179029544815982,0.7345635420003948,242,121,2,50,30.0,0.0,0.0,G,,False
0,2.744838465895663,2.6072885979994354,5.410288697409362,1.4697961191158668,120,24,5,50,30.0,0.0,0.0,G,,False
0,1.7795631587520504,1.6811067171988583,3.475515518923823,0.9265902644569864,295,59,5,50,30.0,0.0,0.0,G,,False
0,2.305589320347901,2.160638521858502,4.549994869405338,1.1866684182059286,170,34,5,50,30.0,0.0,0.0,G,,False
0,1.3719983102294728,1.3115191133556294,2.6347188671551005,0.7251892127031884,179,179,1,50,30.0,0.0,0.0,G,,False
0,1.6961814869167626,1.6102508053654176,3.306798559388852,0.892266706427224,111,111,1,50,30.0,0.0,0.0,G,,False
0,1.4252287185955477,1.3467132451817392,2.82433976325051,0.7636490241778958,224,112,2,50,30.0,0.0,0.0,G,,False
0,2.04147965559345,1.8967371657177452,3.9348418871606423,1.0597283682594965,78,78,1,50,30.0,0.0,0.0,G,,False
0,1.9461924956035646,1.810177362493377,3.737227647679481,1.0288041445640794,196,49,4,50,30.0,0.0,0.0,G,,False
0,2.8611189525832335,2.6312234880031156,5.769129743102235,1.552536715161005,37,37,1,50,30.0,0.0,0.0,G,,False
0,1.2056637001986996,1.13781697279736,2.3329816996058783,0.6304867065133516,242,242,1,50,30.0,0.0,0.0,G,,False
0,1.4552335785593933,1.3657306707287873,2.808617582059412,0.7636530241541771,160,160,1,50,30.0,0.0,0.0,G,,False
0,2.6195699890119757,2.4821833728581026,5.109589270001722,1.3513994809005878,45,45,1,50,30.0,0.0,0.0,G,,False
0,1.443073061967984,1.3377189708809283,2.729393680409712,0.7384609858759857,297,99,3,50,30.0,0.0,0.0,G,,False
0,1.2096617369896552,1.1411575343390012,2.3116518808464948,0.6203679630402255,237,237,1,50,30.0,0.0,0.0,G,,False
0,1.2881041798686106,1.22608421864323,2.4721947803318622,0.663481462841245,288,144,2,50,30.0,0.0,0.0,G,,False
0,1.463979182427824,1.3600652963781812,2.8401282713985054,0.7693529414149425,159,159,1,50,30.0,0.0,0.0,G,,False
0,2.0402556436599326,1.9121892590534273,3.96194445412097,1.0686607947397264,77,77,1,50,30.0,0.0,0.0,G,,False
0,1.1921032300582206,1.1163471398032172,2.3641039226422214,0.6323763202077917,246,246,1,50,30.0,0.0,0.0,G,,False
0,3.0939122344107988,2.9033816830263817,6.026709257915939,1.613676270845926,80,20,4,50,30.0,0.0,0.0,G,,False
0,1.3655888503618523,1.3092796170204366,2.607840685762586,0.7170727243222723,182,182,1,50,30.0,0.0,0.0,G,,False
0,1.1403625476303256,1.061633870077749,2.2174856766642357,0.5777890455073798,286,286,1,50,30.0,0.0,0.0,G,,False
0,1.5725712046614528,1.4779637482851982,3.101165672279543,0.8363051836785349,186,93,2,50,30.0,0.0,0.0,G,,False
0,4.419538370816814,4.120234051219157,8.506146301466973,2.2699403846987725,63,9,7,50,30.0,0.0,0.0,G,,False
0,2.9127168071516816,2.7851563242153787,5.541236999920432,1.470616429906405,72,24,3,50,30.0,0.0,0.0,G,,False
0,1.3636536368631358,1.2784922729220298,2.6464939628429027,0.7157219952130159,248,124,2,50,30.0,0.0,0.0,G,,False
0,1.4646391697154917,1.3664792610077967,2.877183817013518,0.7726486162675553,212,106,2,50,30.0,0.0,0.0,G,,False
0,7.0751911183200695,6.686415584288994,13.852009721873515,3.681750999868817,12,4,3,50,30.0,0.0,0.0,G,,False
0,1.6047379537229545,1.530897811448206,3.133180381703112,0.8341511984615085,180,90,2,50,30.0,0.0,0.0,G,,False
0,1.6197014733546706,1.5025107020199187,3.255667740395796,0.8652812506968915,174,87,2,50,30.0,0.0,0.0,G,,False
0,4.037320257654062,3.8157747309479575,7.9005606607934045,2.1257994187852547,55,11,5,50,30.0,0.0,0.0,G,,False
0,3.2766498943343567,3.111832035765552,6.442785002155733,1.6928738651411204,72,18,4,50,30.0,0.0,0.0,G,,False
0,1.7571721584446176,1.6550432443578913,3.3777759247663073,0.9211927600678306,244,61,4,50,30.0,0.0,0.0,G,,False
0,4.94826760319948,4.630580668323319,9.868537877899264,2.6481640528397428,49,7,7,50,30.0,0.0,0.0,G,,False
0,1.3777124682875892,1.2916892900107797,2.6580223936039875,0.6966334902474997,258,129,2,50,30.0,0.0,0.0,G,,False
0,1.1866766226952272,1.1109329708080509,2.2786487156388713,0.6051740123642078,254,254,1,50,30.0,0.0,0.0,G,,False
0,1.6156342380715574,1.5382043715260423,3.1107624914615597,0.8354173650600448,231,77,3,50,30.0,0.0,0.0,G,,False
0,1.2653336713293455,1.211363935788114,2.4122527519923067,0.630593123102854,212,212,1,50,30.0,0.0,0.0,G,,False
0,1.0821900519122096,1.0277966628996111,2.1040642125370197,0.5618194289687565,294,294,1,50,30.0,0.0,0.0,G,,False
0,1.761883685298796,1.6628287088942457,3.4719900873350467,0.9354965868593558,189,63,3,50,30.0,0.0,0.0,G,,False
0,1.9709984813359371,1.8664012091648914,3.805179432562029,1.0156760978391477,156,52,3,50,30.0,0.0,0.0,G,,False
0,1.3955350938672924,1.311034036329083,2.7005326515598833,0.7321834921799096,170,170,1,50,30.0,0.0,0.0,G,,False
0,1.725495485341654,1.640486009254431,3.3345696587863314,0.8914713489255037,210,70,3,50,30.0,0.0,0.0,G,,False
0,2.4085455198828396,2.2677184125314795,4.567044926866353,1.2414105497971613,155,31,5,50,30.0,0.0,0.0,G,,False
0,2.1550851561216344,1.9984168082281926,4.218207972291155,1.1002959120930869,266,38,7,50,30.0,0.0,0.0,G,,False
0,11.949774416819745,11.136156608262851,24.135981082141875,6.518159985438424,2,2,1,50,30.0,0.0,0.0,G,,False
0,1.7763172249842523,1.6755322152537033,3.511985109832939,0.9484665491455447,103,103,1,50,30.0,0.0,0.0,G,,False
0,1.2357022405629576,1.161955960965173,2.3838017605585198,0.6378623966934849,220,220,1,50,30.0,0.0,0.0,G,,False
0,1.9230005932577356,1.7890032030678,3.8096305868278844,1.0024270072545858,130,65,2,50,30.0,0.0,0.0,G,,False
0,1.343180400358299,1.2473049004890697,2.6609534395318106,0.7139170063760242,252,126,2,50,30.0,0.0,0.0,G,,False
0,1.4023411784621613,1.3163225954348121,2.747474308576051,0.730695578808608,186,186,1,50,30.0,0.0,0.0,G,,False
0,7.18015781659624,6.6015091390013225,14.14756790638195,3.775586934516813,6,6,1,50,30.0,0.0,0.0,G,,False
0,1.478669289462821,1.3782462916400178,2.9355993000150327,0.7909735430404212,147,147,1,50,30.0,0.0,0.0,G,,False
0,5.015283585837953,4.7650638882526195,9.679225097926947,2.6127679229932546,42,7,6,50,30.0,0.0,0.0,G,,False
0,3.1372943996684652,2.92238831779693,6.042913085599475,1.6365158489775695,48,24,2,50,30.0,0.0,0.0,G,,False
0,2.152044626069418,2.0525310406012665,4.2757005945949595,1.1358811635104626,98,49,2,50,30.0,0.0,0.0,G,,False
0,2.5301423343882883,2.364032801974112,4.978572910088878,1.3460181492033794,47,47,1,50,30.0,0.0,0.0,G,,False
0,2.3732950115238562,2.247768958073017,4.611112375751453,1.2327718986375815,160,32,5,50,30.0,0.0,0.0,G,,False
0,4.259983640273667,3.9244318633055855,8.37491125367874,2.248543468398017,40,10,4,50,30.0,0.0,0.0,G,,False
0,3.289086501227386,3.0998472905399836,6.469820041561521,1.7522146541045454,57,19,3,50,30.0,0.0,0.0,G,,False
0,1.8210714811661395,1.7008510575831366,3.598353046241632,0.9739492552883781,92,92,1,50,30.0,0.0,0.0,G,,False
0,2.4347928059220267,2.2333476951943894,4.789908236499436,1.2912948508036388,128,32,4,50,30.0,0.0,0.0,G,,False
0,1.5612617534785778,1.4814504143970169,2.973811311913695,0.8116962054848087,139,139,1,50,30.0,0.0,0.0,G,,False
0,1.7990632642495117,1.6773860873616613,3.5508573447661096,0.9435726818708597,96,96,1,50,30.0,0.0,0.0,G,,False
0,2.206505329422184,2.0664863536973073,4.3351534249037975,1.155805500272591,62,62,1,50,30.0,0.0,0.0,G,,False
0,1.8439475680106703,1.727446288565396,3.572065680632577,0.9548371561566671,93,93,1,50,30.0,0.0,0.0,G,,False
0,2.3649286535320497,2.2137895443169384,4.577162829218714,1.2357392168129502,192,32,6,50,30.0,0.0,0.0,G,,False
0,4.468577554210344,4.182913339325026,8.84820448628465,2.410808026870937,36,9,4,50,30.0,0.0,0.0,G,,False
0,1.2363955609675361,1.1743085304654244,2.4164677918502475,0.6530399888403479,229,229,1,50,30.0,0.0,0.0,G,,False
0,2.0282235914112303,1.9104793707970202,3.9245294406496334,1.0587778658575355,294,42,7,50,30.0,0.0,0.0,G,,False
0,3.5573328848326384,3.351266791476398,6.846035344866624,1.8262453237947935,98,14,7,50,30.0,0.0,0.0,G,,False
0,1.427400818912023,1.3379585172276691,2.8648660875517677,0.7439924028898299,232,116,2,50,30.0,0.0,0.0,G,,False
0,5.528769668839907,5.204522839027625,10.523819497384316,2.763382524533474,30,6,5,50,30.0,0.0,0.0,G,,False
0,1.422549948262284,1.3584540633219646,2.7383081143662236,0.7401505853259689,163,163,1,50,30.0,0.0,0.0,G,,False
0,1.3446570347957751,1.2557114046141464,2.6486224197078,0.7097774771932255,195,195,1,50,30.0,0.0,0.0,G,,False
0,1.1963870220505002,1.1317631536161983,2.2899755174119094,0.6122487632237373,261,261,1,50,30.0,0.0,0.0,G,,False
0,1.8158517118443898,1.6991047146363059,3.5692173392739397,0.9518865720591702,183,61,3,50,30.0,0.0,0.0,G,,False
0,1.3326892634999121,1.2730752295544079,2.5290272836346674,0.6802073685881613,200,200,1,50,30.0,0.0,0.0,G,,False
0,1.194259071023771,1.1346755197077343,2.282253712723579,0.6005485045259777,253,253,1,50,30.0,0.0,0.0,G,,False
0,7.5184292359922855,7.110242367884922,14.73282275049616,3.9316347333804536,8,4,2,50,30.0,0.0,0.0,G,,False
0,1.640341361481499,1.5488530910306508,3.1770863394776354,0.8495177122672849,121,121,1,50,30.0,0.0,0.0,G,,False
0,2.7689395341324836,2.618240327558354,5.389042146752013,1.4500627619862236,60,30,2,50,30.0,0.0,0.0,G,,False
0,2.760320041893722,2.6074479368749905,5.351994857122094,1.451106052289067,100,25,4,50,30.0,0.0,0.0,G,,False
0,2.349890736103944,2.1746760290651252,4.55438888589633,1.2217418085652347,217,31,7,50,30.0,0.0,0.0,G,,False
0,4.214694876436573,3.906711815982348,8.459922097880982,2.2651409283048887,16,16,1,50,30.0,0.0,0.0,G,,False
0,1.9568139401365634,1.8298896531526552,3.872321877397034,1.0311081683491463,80,80,1,50,30.0,0.0,0.0,G,,False
0,2.978707304509333,2.8165236052544245,5.773996508069086,1.5402495337173552,34,34,1,50,30.0,0.0,0.0,G,,False
0,1.2743874254442156,1.178323852472552,2.550067378088616,0.6853205219366441,284,142,2,50,30.0,0.0,0.0,G,,False
0,1.6126309656806883,1.518833753292249,3.1494126121351425,0.8529217939550587,126,126,1,50,30.0,0.0,0.0,G,,False
0,1.3369528195750284,1.273019368195186,2.5879322297288656,0.6828891192878319,196,196,1,50,30.0,0.0,0.0,G,,False
0,1.466135762858446,1.377457794711134,2.9393869802144956,0.7787676219594174,157,157,1,50,30.0,0.0,0.0,G,,False
0,1.6683288226134683,1.564448141351427,3.2516192230414616,0.8774031590325373,118,118,1,50,30.0,0.0,0.0,G,,False
0,1.4850338811165509,1.4028434531210792,2.828124107435769,0.7699153186108088,273,91,3,50,30.0,0.0,0.0,G,,False
0,1.3426180453450258,1.2747635200415104,2.579102066020149,0.6709109260821221,192,192,1,50,30.0,0.0,0.0,G,,False
0,5.427229868287973,5.057676161214218,10.73062023781225,2.888346305377247,10,10,1,50,30.0,0.0,0.0,G,,False
0,2.046356845226212,1.9306671468560168,3.9789444329580794,1.0842813986791,108,54,2,50,30.0,0.0,0.0,G,,False
0,2.00556936484045,1.868897420694367,3.91814406682354,1.0639712151681158,225,45,5,50,30.0,0.0,0.0,G,,False
0,2.799193861107187,2.646499073962005,5.42214997395883,1.4644478162996153,58,29,2,50,30.0,0.0,0.0,G,,False
0,1.5880395593056118,1.4948493874889266,3.0745075724271698,0.8043353741122903,135,135,1,50,30.0,0.0,0.0,G,,False
0,1.939543920262101,1.8403694618580104,3.7950714958502076,0.9902632124390182,162,54,3,50,30.0,0.0,0.0,G,,False
0,1.4372438908977196,1.3619758712383572,2.7254198839032533,0.7469036833637422,300,100,3,50,30.0,0.0,0.0,G,,False
0,3.9467028331729814,3.7176286674007457,7.911226087046347,2.0678528480609595,48,12,4,50,30.0,0.0,0.0,G,,False
0,3.2418029139855085,3.008533734882434,6.47193939027271,1.732881983888861,42,21,2,50,30.0,0.0,0.0,G,,False
0,2.027319477395824,1.8987236228361795,4.071961455624102,1.1181005223887908,74,74,1,50,30.0,0.0,0.0,G,,False
0,1.503561375122487,1.4309928147049575,2.9473608584707747,0.7733251539545744,267,89,3,50,30.0,0.0,0.0,G,,False
0,2.6390134127924307,2.5102129122483703,5.055146138794559,1.3424385716657665,90,30,3,50,30.0,0.0,0.0,G,,False
0,3.1250977234764155,2.95444887728155,6.154543908182839,1.6468563394097449,76,19,4,50,30.0,0.0,0.0,G,,False
0,1.190164002588704,1.1085409918690203,2.2911833298473123,0.6046050923000911,264,264,1,50,30.0,0.0,0.0,G,,False
0,1.4791834233524441,1.3843388392472917,2.9329262810106034,0.78717148230085,150,150,1,50,30.0,0.0,0.0,G,,False
0,2.113540324835843,1.9607752937906113,4.118222020301684,1.107679170482083,210,42,5,50,30.0,0.0,0.0,G,,False
0,1.1496827699420495,1.0860532147797528,2.2018577969434423,0.5824478024447193,277,277,1,50,30.0,0.0,0.0,G,,False
0,2.7342784883301845,2.6030739501197857,5.1733923427162205,1.3757643623509614,161,23,7,50,30.0,0.0,0.0,G,,False
0,1.4754595066106315,1.3773504942274428,2.91190580193078,0.7707466285175157,214,107,2,50,30.0,0.0,0.0,G,,False
0,1.443683900867123,1.3679853040881795,2.7697528541387486,0.7376809845969778,162,162,1,50,30.0,0.0,0.0,G,,False
0,10.467973297353932,9.813335331307485,20.61279365573315,5.534099318453872,4,2,2,50,30.0,0.0,0.0,G,,False
0,2.0607700489749576,1.9415627483755244,4.061124984338596,1.0817161231341215,252,42,6,50,30.0,0.0,0.0,G,,False
0,2.543212212342654,2.392802067689999,5.154967274625049,1.3809948884752936,93,31,3,50,30.0,0.0,0.0,G,,False
0,3.916154100159546,3.712102040923405,7.567886722477099,2.0624828081757625,77,11,7,50,30.0,0.0,0.0,G,,False
0,1.7597474169803768,1.662941936050494,3.503415077118557,0.952744233257832,102,102,1,50,30.0,0.0,0.0,G,,False
0,3.2110926276302263,3.01329188316884,6.225881863122483,1.6639841743035824,44,22,2,50,30.0,0.0,0.0,G,,False
0,2.5257313686168774,2.4134962493208576,4.877643483028004,1.3039507495131348,50,50,1,50,30.0,0.0,0.0,G,,False
0,2.6499203322730396,2.4810522977853324,5.279799763076855,1.4292361689593924,43,43,1,50,30.0,0.0,0.0,G,,False
0,9.234902558678714,8.644087825464183,17.96279615472941,4.826728895542769,12,2,6,50,30.0,0.0,0.0,G,,False
0,2.553289997995675,2.390325149500171,5.150279048332076,1.3618331743008676,140,28,5,50,30.0,0.0,0.0,G,,False
0,5.329922446990331,5.0475157562835165,10.483348612457766,2.798453553225323,36,6,6,50,30.0,0.0,0.0,G,,False
0,1.904156481224858,1.7718513754516039,3.81731717880714,1.0229378288492714,294,49,6,50,30.0,0.0,0.0,G,,False
0,1.8937054558263524,1.78089771675684,3.712536535700555,0.9860628602306348,171,57,3,50,30.0,0.0,0.0,G,,False
0,2.0230918227160983,1.8789661017343278,3.955753918339474,1.0677074832723712,287,41,7,50,30.0,0.0,0.0,G,,False
0,2.2691170970085404,2.13548476847685,4.401900631719643,1.179746601719782,210,35,6,50,30.0,0.0,0.0,G,,False
0,2.0714526541861287,1.970812175425202,3.9671138891715407,1.0553659632412569,246,41,6,50,30.0,0.0,0.0,G,,False
0,2.464223561168831,2.288578737266171,4.806896777588741,1.278053862645443,49,49,1,50,30.0,0.0,0.0,G,,False
0,1.7340847425184025,1.6116334218398052,3.4222755005278946,0.9128093529462271,150,75,2,50,30.0,0.0,0.0,G,,False
0,1.344501987484911,1.2412326598505743,2.695406748768362,0.7295352721064354,250,125,2,50,30.0,0.0,0.0,G,,False
0,1.1395935500854912,1.0630946394596137,2.2477011249992196,0.6046446625828182,279,279,1,50,30.0,0.0,0.0,G,,False
0,3.34404334660517,3.135181152861314,6.543477174221826,1.7277987861574533,68,17,4,50,30.0,0.0,0.0,G,,False
0,5.922891291485582,5.540872930684827,11.332791569721204,3.1018207723094857,35,5,7,50,30.0,0.0,0.0,G,,False
0,2.2159237475733753,2.096310380310065,4.357971623824746,1.1691805870749366,252,36,7,50,30.0,0.0,0.0,G,,False
0,2.5008675552806507,2.297127413907184,4.993396813674207,1.3521089451861157,74,37,2,50,30.0,0.0,0.0,G,,False
0,1.5574560010582734,1.48012606257344,2.981797787773757,0.7902236644496806,136,136,1,50,30.0,0.0,0.0,G,,False
0,1.1051969624960456,1.075223755137337,2.125856335824144,0.5642863759712655,297,297,1,50,30.0,0.0,0.0,G,,False
0,1.2951642765274032,1.2054712304750836,2.5165603163391523,0.662882991611764,210,210,1,50,30.0,0.0,0.0,G,,False
0,1.3987125118493533,1.304901321206259,2.7811077977444683,0.7452368578750648,174,174,1,50,30.0,0.0,0.0,G,,False
0,5.018586259523927,4.6917865972159944,9.820650534909872,2.661434270721243,12,12,1,50,30.0,0.0,0.0,G,,False
0,2.2111472059126522,2.0640345419162216,4.2481207156527345,1.1494442872779724,216,36,6,50,30.0,0.0,0.0,G,,False
0,5.3424333241700275,5.081390954559275,10.591192782246514,2.8456138312853207,21,7,3,50,30.0,0.0,0.0,G,,False
0,1.172669343995572,1.0962486260142654,2.304430001808139,0.6040153953989819,251,251,1,50,30.0,0.0,0.0,G,,False
0,3.328585397161316,3.131776873573898,6.4397425355311055,1.7427124808486816,112,16,7,50,30.0,0.0,0.0,G,,False
0,1.4613488605902725,1.3685084344360519,2.832949520856163,0.7816635818003953,285,95,3,50,30.0,0.0,0.0,G,,False
0,1.7523101458233519,1.634211486216337,3.4408999410019683,0.9319578714110807,248,62,4,50,30.0,0.0,0.0,G,,False
0,2.7092507356778177,2.5609983545892163,5.2810125710480404,1.4112530771327985,40,40,1,50,30.0,0.0,0.0,G,,False
0,1.952639860091778,1.8058698430149462,3.813110440219406,1.0216134297657966,153,51,3,50,30.0,0.0,0.0,G,,False
0,1.170104849408337,1.1212492546760373,2.209754307564092,0.5920073228265288,263,263,1,50,30.0,0.0,0.0,G,,False
0,4.252956275390761,3.972841906786961,8.303478342238039,2.214707125107696,17,17,1,50,30.0,0.0,0.0,G,,False
0,1.35924512356064,1.2764193028796313,2.6830920497229154,0.6919139977261755,178,178,1,50,30.0,0.0,0.0,G,,False
0,1.4788413153942024,1.3833116864204982,2.886643714288415,0.7846602036261305,276,92,3,50,30.0,0.0,0.0,G,,False
0,2.9986047847910706,2.812033221926491,5.796066823710974,1.5560274018531577,120,20,6,50,30.0,0.0,0.0,G,,False
0,3.0075275816475875,2.8764097662116086,5.680281098445362,1.5162406375200912,50,25,2,50,30.0,0.0,0.0,G,,False
0,3.844749986856562,3.553469217425693,7.655186630192838,2.039700131707807,21,21,1,50,30.0,0.0,0.0,G,,False
0,2.0661767163958773,1.9575870224622918,3.957362594108364,1.058121308513821,258,43,6,50,30.0,0.0,0.0,G,,False
0,1.649972965760859,1.5701416492711857,3.176753935723451,0.8548829235231362,117,117,1,50,30.0,0.0,0.0,G,,False
0,1.3235910505267514,1.2452285558574658,2.5656072190313317,0.6851135266048904,278,139,2,50,30.0,0.0,0.0,G,,False
0,1.157784424469528,1.0966323952999204,2.213330987447609,0.5978801361869528,278,278,1,50,30.0,0.0,0.0,G,,False
0,1.6134680502558467,1.5110507952540857,3.0892429483010657,0.8171378553966084,130,130,1,50,30.0,0.0,0.0,G,,False
0,1.136186349448126,1.0843618158706931,2.1909123443294636,0.5763968014005941,291,291,1,50,30.0,0.0,0.0,G,,False
0,1.8666045753229312,1.7944481291520162,3.5422831214707813,0.960441395699436,260,52,5,50,30.0,0.0,0.0,G,,False
0,1.6713924436796652,1.5639823038403051,3.2135242500804737,0.870930844699311,116,116,1,50,30.0,0.0,0.0,G,,False
0,2.056425670645786,1.941286341532141,4.104409035270395,1.0857709239532518,106,53,2,50,30.0,0.0,0.0,G,,False
0,1.2932020006987124,1.2198316376741332,2.4752258007784596,0.6727583535046819,205,205,1,50,30.0,0.0,0.0,G,,False
0,1.4401741186898924,1.3580712907230108,2.7957420323974875,0.7455404231724286,164,164,1,50,30.0,0.0,0.0,G,,False
0,2.137234644525179,1.9924038167773759,4.189249796823788,1.1115242876467823,70,70,1,50,30.0,0.0,0.0,G,,False
0,1.54659325226588,1.4313767998074596,3.0601933603772267,0.8079747558790122,134,134,1,50,30.0,0.0,0.0,G,,False
0,2.940531389799641,2.729964707303118,5.729743862616395,1.5537310667421806,110,22,5,50,30.0,0.0,0.0,G,,False
0,1.3241251465187724,1.253638974857445,2.5308836809447355,0.6847110441601979,262,131,2,50,30.0,0.0,0.0,G,,False
0,1.6430716910879923,1.5492131770330388,3.159498978999407,0.8442763377644347,296,74,4,50,30.0,0.0,0.0,G,,False
0,5.3388324379103835,5.048742233495624,10.232674578573183,2.800622622825726,42,6,7,50,30.0,0.0,0.0,G,,False
0,2.8344015720523577,2.6924563310545224,5.560474778686169,1.4745786045114322,75,25,3,50,30.0,0.0,0.0,G,,False
0,3.0249393521237278,2.868362675779437,5.891745036337377,1.5718761779668937,66,22,3,50,30.0,0.0,0.0,G,,False
0,1.6125571030156847,1.5096794776161033,3.1436244522079186,0.8430712804333061,176,88,2,50,30.0,0.0,0.0,G,,False
0,9.530239207416507,8.95517203594563,18.946434488023574,5.044143151006928,10,2,5,50,30.0,0.0,0.0,G,,False
0,2.0960528283847144,1.9691654156154001,4.121566264600122,1.108045889363463,135,45,3,50,30.0,0.0,0.0,G,,False
0,1.5065344364741187,1.4134198833619962,2.8657775419044795,0.7690254771925633,264,88,3,50,30.0,0.0,0.0,G,,False
0,1.1682053190588773,1.1000932764848912,2.269773936831302,0.6050873535770824,262,262,1,50,30.0,0.0,0.0,G,,False
0,1.7746279677258259,1.6419332363796926,3.5118162866369445,0.9444670395911386,240,60,4,50,30.0,0.0,0.0,G,,False
0,1.5452323449917895,1.4422910764762804,2.965382772892764,0.8039008987023879,137,137,1,50,30.0,0.0,0.0,G,,False
0,1.5412424371391813,1.4410626076357431,2.975230382981413,0.8002247757184496,249,83,3,50,30.0,0.0,0.0,G,,False
0,1.5964041750107492,1.4942546913086403,3.1462007129391933,0.8517255320275287,237,79,3,50,30.0,0.0,0.0,G,,False
0,1.337664711641749,1.244788809421891,2.620581118130723,0.6959647191620314,264,132,2,50,30.0,0.0,0.0,G,,False
0,15.105263202345359,14.02119832760581,30.013365444389823,8.019787676228626,2,1,2,50,30.0,0.0,0.0,G,,False
0,1.689654424164239,1.6121796350416417,3.278500097706559,0.8844097828177864,272,68,4,50,30.0,0.0,0.0,G,,False
0,1.7751183143167113,1.6762715381421032,3.5285021149856006,0.9456688647273072,198,66,3,50,30.0,0.0,0.0,G,,False
0,3.6793240813564347,3.40890033055112,7.178127349255609,1.9457681284612949,45,15,3,50,30.0,0.0,0.0,G,,False
0,1.6378870350867083,1.5621906545685533,3.1792229596774715,0.8426396942611067,228,76,3,50,30.0,0.0,0.0,G,,False
0,2.317575194227974,2.16890857123785,4.586573373003387,1.2534044875378867,88,44,2,50,30.0,0.0,0.0,G,,False
0,2.3018338173712345,2.1288727425514935,4.534736887776493,1.2156334639246746,86,43,2,50,30.0,0.0,0.0,G,,False
0,4.32298869574355,3.9878282482331215,8.277421004919695,2.23670575923205,24,12,2,50,30.0,0.0,0.0,G,,False
0,6.894900449097272,6.441107991364831,13.82312978477352,3.713313687000283,16,4,4,50,30.0,0.0,0.0,G,,False
0,1.142311139911204,1.0804111116949358,2.2283846500666433,0.5870649036347255,270,270,1,50,30.0,0.0,0.0,G,,False
0,6.704492848215902,6.287662642190021,13.092834665884462,3.483301164621909,20,4,5,50,30.0,0.0,0.0,G,,False
0,2.5977641143063854,2.4533917506160137,5.015041610879851,1.303638122358382,156,26,6,50,30.0,0.0,0.0,G,,False
0,1.2511125840552886,1.1584925526730743,2.4452535910810504,0.6489503723021197,231,231,1,50,30.0,0.0,0.0,G,,False
0,1.5005259928540662,1.4326567419483993,2.9123444313544025,0.789355077961869,141,141,1,50,30.0,0.0,0.0,G,,False
0,6.532354266203569,6.0670612321455195,12.863254403769036,3.488060316766367,10,5,2,50,30.0,0.0,0.0,G,,False
0,2.2475872562922703,2.110944134550685,4.300721994546534,1.1725302118791943,204,34,6,50,30.0,0.0,0.0,G,,False
0,7.797908085469841,7.563193485896633,15.107073757286997,4.076150679868196,15,3,5,50,30.0,0.0,0.0,G,,False
0,1.2040843000490058,1.140107445944274,2.3368271338991833,0.6248963842974496,240,240,1,50,30.0,0.0,0.0,G,,False
0,1.8814289580925438,1.7662008165737717,3.7232576368831936,0.9912213400727503,87,87,1,50,30.0,0.0,0.0,G,,False
0,1.6936062807010326,1.575044566266385,3.2991145432353974,0.8796690437947254,160,80,2,50,30.0,0.0,0.0,G,,False
0,13.21447213023213,12.011175389659648,25.860474731836995,7.165169713338176,6,1,6,50,30.0,0.0,0.0,G,,False
0,2.0648706977055538,1.9541237553555746,4.056416022397902,1.0931544770031454,280,40,7,50,30.0,0.0,0.0,G,,False
0,2.269951080353428,2.1073066689845774,4.575130843938058,1.2026040677545244,148,37,4,50,30.0,0.0,0.0,G,,False
0,3.1965348728124643,3.039720036632829,6.275469779404689,1.6751503697849888,119,17,7,50,30.0,0.0,0.0,G,,False
0,2.3243185691702974,2.156652711867082,4.486202296970954,1.2140238229181077,140,35,4,50,30.0,0.0,0.0,G,,False
0,3.3999879948185217,3.1769247893239765,6.672513157419365,1.7946021986537435,38,19,2,50,30.0,0.0,0.0,G,,False
0,1.5649454559135179,1.4860177431432149,3.1249714166699833,0.8418623684543514,184,92,2,50,30.0,0.0,0.0,G,,False
0,6.57391347688491,6.111334064218113,12.64961769673906,3.3827335490056254,28,4,7,50,30.0,0.0,0.0,G,,False
0,1.1162645473607362,1.054033803588922,2.1640953846652202,0.5852562171232537,284,284,1,50,30.0,0.0,0.0,G,,False
0,1.638215033190166,1.525593540685577,3.2316184487110866,0.8603547672569162,288,72,4,50,30.0,0.0,0.0,G,,False
0,1.7307859838960096,1.6032030143580442,3.400414254616605,0.9134413025591257,110,110,1,50,30.0,0.0,0.0,G,,False
0,1.7461490359008622,1.6276603091307322,3.5063981366327943,0.943462385959027,108,108,1,50,30.0,0.0,0.0,G,,False
0,2.1059431544502942,1.990076856317323,4.078255853736417,1.1149030868457193,205,41,5,50,30.0,0.0,0.0,G,,False
0,5.700119881053742,5.327548678538292,11.357907679931994,3.0447920007494496,9,9,1,50,30.0,0.0,0.0,G,,False
0,1.3834610536189333,1.2929679391647184,2.7060443876069753,0.7368155912427233,236,118,2,50,30.0,0.0,0.0,G,,False
0,2.4167809855053783,2.257812329133202,4.789741522687902,1.2839472025820275,136,34,4,50,30.0,0.0,0.0,G,,False
0,1.7438410694229998,1.6448124791347354,3.382492168333331,0.9189088073487887,256,64,4,50,30.0,0.0,0.0,G,,False
0,2.9494240595069066,2.7928961075646797,5.702335994394538,1.4989831158640938,84,21,4,50,30.0,0.0,0.0,G,,False
0,2.0421537103167884,1.9356272963317238,3.928814342449094,1.0531882297303832,215,43,5,50,30.0,0.0,0.0,G,,False
0,3.6326490773510614,3.396856415979464,7.1308540596328935,1.9246952851143548,91,13,7,50,30.0,0.0,0.0,G,,False
0,3.1057985248618487,2.8943438649747364,5.976782262738609,1.618123532107552,63,21,3,50,30.0,0.0,0.0,G,,False
0,1.4466366667460209,1.3843665935861722,2.7602149517925083,0.7385275973916499,220,110,2,50,30.0,0.0,0.0,G,,False
0,2.355396183575091,2.247003006441993,4.583947586829956,1.24052519861869,84,42,2,50,30.0,0.0,0.0,G,,False
0,1.3476823281883417,1.2652397045559525,2.6451638748974684,0.703081392889483,272,136,2,50,30.0,0.0,0.0,G,,False
0,1.5519110625681145,1.4879008813986374,2.9011435186188366,0.767685488512513,138,138,1,50,30.0,0.0,0.0,G,,False
0,2.0880225926005425,1.9411472449810319,4.098222967811747,1.0957145414776315,176,44,4,50,30.0,0.0,0.0,G,,False
0,1.4459137512768645,1.3685584218173545,2.7930240878587576,0.7485755880465421,294,98,3,50,30.0,0.0,0.0,G,,False
0,1.9969119029262947,1.8508793288026837,3.840023615298988,1.0452910456562712,150,50,3,50,30.0,0.0,0.0,G,,False
0,3.9164002562089753,3.6517351376577523,7.8209012959753075,2.0752951414317273,20,20,1,50,30.0,0.0,0.0,G,,False
0,1.2159740875499927,1.1624165797075605,2.3528400428491403,0.627780720034073,226,226,1,50,30.0,0.0,0.0,G,,False
0,2.4428855669542657,2.293851472241478,4.746501943687491,1.3006428520479225,203,29,7,50,30.0,0.0,0.0,G,,False
0,1.2858910760317406,1.2222997803652405,2.4565349841319595,0.6547417788267395,296,148,2,50,30.0,0.0,0.0,G,,False
0,3.9965891493949175,3.807880479922538,7.583243548095403,2.0395974798645424,28,14,2,50,30.0,0.0,0.0,G,,False
0,2.649311298970768,2.5094739632639573,5.040974478590293,1.3440227399992914,150,25,6,50,30.0,0.0,0.0,G,,False
0,1.3847412905755683,1.269164928019876,2.766182441329654,0.7398197307248514,240,120,2,50,30.0,0.0,0.0,G,,False
0,1.9990420751270317,1.8769946531237736,4.006940880162571,1.0796617794859096,79,79,1,50,30.0,0.0,0.0,G,,False
0,1.309890734454315,1.2348539372141616,2.5393767071684854,0.6823563883494507,201,201,1,50,30.0,0.0,0.0,G,,False
0,2.43660373746784,2.2882774098489236,4.901141680574451,1.311902429586849,99,33,3,50,30.0,0.0,0.0,G,,False
0,1.5857820836373657,1.4930230391603274,3.052897916311957,0.8232061330794604,300,75,4,50,30.0,0.0,0.0,G,,False
0,1.51364375959436,1.413150539580073,2.9455021956178853,0.7961089593070414,143,143,1,50,30.0,0.0,0.0,G,,False
0,1.3655770919196248,1.2899499490830735,2.641647666140076,0.7055581210601304,180,180,1,50,30.0,0.0,0.0,G,,False
0,1.191086745941936,1.1370416652385344,2.2683646472870627,0.6031341310145245,250,250,1,50,30.0,0.0,0.0,G,,False
0,1.4815004512627352,1.397876108446404,2.9183021834270186,0.792148123513282,208,104,2,50,30.0,0.0,0.0,G,,False
0,3.721858176203971,3.505921523950775,7.202448258927533,1.933584806553224,78,13,6,50,30.0,0.0,0.0,G,,False
0,2.70537078872102,2.6008286850486186,5.247870283735364,1.3790650724359315,168,24,7,50,30.0,0.0,0.0,G,,False
0,2.1462574226706574,2.0094639049037397,4.215674403252634,1.1091677695169684,172,43,4,50,30.0,0.0,0.0,G,,False
0,2.2827153867793766,2.1256798782496773,4.371673242274337,1.1784842646734885,114,38,3,50,30.0,0.0,0.0,G,,False
0,1.9796872305422943,1.8662712307123925,3.7908475754925814,1.0207168644184879,118,59,2,50,30.0,0.0,0.0,G,,False
0,5.683133162108906,5.349792348105055,11.090502966746119,2.93325768090122,24,6,4,50,30.0,0.0,0.0,G,,False
0,2.7995126340502985,2.6126770729450968,5.357732376341071,1.4492877434373863,96,24,4,50,30.0,0.0,0.0,G,,False
0,1.3205071593432058,1.2499070153504448,2.5735573888007366,0.6766934646975088,270,135,2,50,30.0,0.0,0.0,G,,False
0,2.033930711715334,1.8764147054692373,3.9512109430929088,1.0665804495622988,220,44,5,50,30.0,0.0,0.0,G,,False
0,1.2711596868384827,1.2102047907339468,2.4996284297271636,0.6489369869355108,221,221,1,50,30.0,0.0,0.0,G,,False
0,2.141362423338113,2.035444286714025,4.238636339108096,1.1326033074306785,69,69,1,50,30.0,0.0,0.0,G,,False
0,1.1776553021906373,1.0924707789426904,2.336112152637083,0.6239138154399202,271,271,1,50,30.0,0.0,0.0,G,,False
0,1.906983308212638,1.791586193287955,3.6937651659625432,1.0074838938768162,216,54,4,50,30.0,0.0,0.0,G,,False
0,1.3075490916869523,1.2432272163361517,2.4740387600723643,0.6667647322185628,202,202,1,50,30.0,0.0,0.0,G,,False
0,1.328363408275497,1.2568654528303185,2.578437237224555,0.6835409811420222,198,198,1,50,30.0,0.0,0.0,G,,False
0,1.278718611019865,1.205289606814496,2.4625079200754074,0.6693495096273357,292,146,2,50,30.0,0.0,0.0,G,,False
0,2.595041625553129,2.483414841848976,4.956346517574965,1.3361286986450263,135,27,5,50,30.0,0.0,0.0,G,,False
0,1.9790199291104882,1.845980435556335,3.864329098509991,1.0346042803528845,82,82,1,50,30.0,0.0,0.0,G,,False
0,3.726506409410956,3.4734025882008837,7.221830946911172,1.9596841190477148,22,22,1,50,30.0,0.0,0.0,G,,False
0,2.7405595789374413,2.572052873986358,5.33247738063587,1.4648603070278308,42,42,1,50,30.0,0.0,0.0,G,,False
0,1.9591621487350226,1.8552119021572082,3.8101169211890813,1.0267741679050255,85,85,1,50,30.0,0.0,0.0,G,,False
0,1.2087219237155282,1.1532781842032733,2.3283260774792525,0.6242957108540765,244,244,1,50,30.0,0.0,0.0,G,,False
0,1.2878522313073104,1.2016719462353365,2.557397831000161,0.6831053569912701,208,208,1,50,30.0,0.0,0.0,G,,False
0,1.2978239481519687,1.2130405620620337,2.5630634788709195,0.6988191111798276,193,193,1,50,30.0,0.0,0.0,G,,False
0,1.548571078747862,1.4365340370845558,3.037900799961845,0.8151905459577127,192,96,2,50,30.0,0.0,0.0,G,,False
0,2.3729112693740597,2.243310077701075,4.685101083114507,1.251405716904105,132,33,4,50,30.0,0.0,0.0,G,,False
0,1.21834904285403,1.1431670729743075,2.3796531158920002,0.6255802559802086,248,248,1,50,30.0,0.0,0.0,G,,False
0,1.7001419848793713,1.618108792829986,3.300694532419942,0.8810805204025428,158,79,2,50,30.0,0.0,0.0,G,,False
0,1.1384269019690305,1.060236674446081,2.1772795302665235,0.5777995523999958,285,285,1,50,30.0,0.0,0.0,G,,False
0,1.2587239650873747,1.1956063906323706,2.4374536273212355,0.653957382182578,225,225,1,50,30.0,0.0,0.0,G,,False
0,1.3047578548996308,1.2111340851880286,2.5244153033074204,0.6875253094452105,274,137,2,50,30.0,0.0,0.0,G,,False
0,1.149476742354514,1.0797252225062621,2.1981566673751307,0.5850065917242925,275,275,1,50,30.0,0.0,0.0,G,,False
0,2.95797740327156,2.7731515819789507,5.641896402191956,1.5085542061877415,88,22,4,50,30.0,0.0,0.0,G,,False
0,4.12979723435937,3.845141786749622,8.161933524735574,2.194183049440596,70,10,7,50,30.0,0.0,0.0,G,,False
0,1.3584405037077973,1.2943999425313635,2.6570123696908103,0.7011159545467539,187,187,1,50,30.0,0.0,0.0,G,,False
0,1.3201328756798971,1.234489859669857,2.531927183624122,0.6945316755751568,194,194,1,50,30.0,0.0,0.0,G,,False
0,1.6703539274247938,1.5418319479497598,3.2848488399080766,0.8722673606587948,219,73,3,50,30.0,0.0,0.0,G,,False
0,1.4634615122344858,1.3726934857597684,2.835682187608181,0.765071191166636,156,156,1,50,30.0,0.0,0.0,G,,False
0,1.6761250344388132,1.563635556689853,3.311284826799532,0.8741173671137463,112,112,1,50,30.0,0.0,0.0,G,,False
0,2.232950940688375,2.08046142014269,4.40892178808498,1.1843520149555946,120,40,3,50,30.0,0.0,0.0,G,,False
0,1.9445153870488143,1.8290622516228225,3.811851750612002,1.0196817721018467,120,60,2,50,30.0,0.0,0.0,G,,False
0,1.3992820029766229,1.320468270897969,2.742757760647566,0.7370716667726906,169,169,1,50,30.0,0.0,0.0,G,,False
0,1.8366404010965485,1.6964767399493468,3.581683900280443,0.9492225465160287,228,57,4,50,30.0,0.0,0.0,G,,False
0,1.3457399126339014,1.2721394834624533,2.571263316717072,0.6824107371138328,197,197,1,50,30.0,0.0,0.0,G,,False
0,1.481068079893149,1.3890360913512083,2.8467415061821675,0.7761980883989094,152,152,1,50,30.0,0.0,0.0,G,,False
0,1.6218701761724887,1.5534714241503238,3.1576602167447354,0.8324324226847089,125,125,1,50,30.0,0.0,0.0,G,,False
0,1.4283310313004545,1.3497492391370542,2.784112571394477,0.734531582437345,218,109,2,50,30.0,0.0,0.0,G,,False
0,2.6473379247229114,2.4982068885214304,5.154928161046221,1.3558094371523242,44,44,1,50,30.0,0.0,0.0,G,,False
0,1.2443720363201607,1.1717321361127802,2.333276977021277,0.6236563058618385,223,223,1,50,30.0,0.0,0.0,G,,False
0,1.9605464413613045,1.8298166153191104,3.8722239990695635,1.0672971241198024,276,46,6,50,30.0,0.0,0.0,G,,False
0,1.550918101728466,1.4687886688666723,2.9836673453323823,0.8043511020771406,140,140,1,50,30.0,0.0,0.0,G,,False
0,2.6212229234544466,2.4424350288647005,5.17820727059072,1.3961774013435857,64,32,2,50,30.0,0.0,0.0,G,,False
0,1.6723526137261602,1.5185437571607778,3.4250583322301145,0.9141689402331346,119,119,1,50,30.0,0.0,0.0,G,,False
0,1.3523075296750682,1.272395584054408,2.6060916901236424,0.6945803464963843,188,188,1,50,30.0,0.0,0.0,G,,False
0,4.777720890792547,4.5544249263117536,9.392216972089342,2.4871102104543366,40,8,5,50,30.0,0.0,0.0,G,,False
0,2.088519504615765,1.971269469068318,4.11686111753154,1.12187903633673,71,71,1,50,30.0,0.0,0.0,G,,False
0,2.4659977071450605,2.304261282759242,4.8685693622280795,1.295523636996761,76,38,2,50,30.0,0.0,0.0,G,,False
0,4.6393909705400205,4.34166182491213,9.235038807937482,2.4334330727393545,56,8,7,50,30.0,0.0,0.0,G,,False
0,4.007590564419914,3.727618392359787,7.852413961597366,2.1443456431313344,66,11,6,50,30.0,0.0,0.0,G,,False
0,2.0500604594328924,1.9280269061207136,3.9694264358891003,1.0708654234129542,234,39,6,50,30.0,0.0,0.0,G,,False
0,2.8485391401749864,2.6526810273927808,5.610349950007818,1.5255582909178218,147,21,7,50,30.0,0.0,0.0,G,,False
0,1.2887288156247276,1.1944514548643994,2.5394087215990737,0.6913613448513971,294,147,2,50,30.0,0.0,0.0,G,,False
0,1.187117706465183,1.1382294912081434,2.264447592065701,0.6126148402936344,258,258,1,50,30.0,0.0,0.0,G,,False
0,2.4092674251092503,2.2432409340655965,4.712849635822911,1.2761633067009386,52,52,1,50,30.0,0.0,0.0,G,,False
0,1.5367972237860708,1.4322859128212997,2.9527369200054223,0.7911231239184987,194,97,2,50,30.0,0.0,0.0,G,,False
0,1.7111764583415978,1.5992404362056334,3.3131795166931735,0.8974632746298296,252,63,4,50,30.0,0.0,0.0,G,,False
0,1.2314960470532699,1.1506311610622433,2.455843172530357,0.6578617064067952,230,230,1,50,30.0,0.0,0.0,G,,False
0,5.218480858732679,4.915749735164873,10.215374577805338,2.7487130079142337,11,11,1,50,30.0,0.0,0.0,G,,False
0,1.918689947168176,1.8066108051359535,3.768209699221618,0.9960962292523674,208,52,4,50,30.0,0.0,0.0,G,,False
0,1.9566645740460533,1.7988622163868229,3.799793513593588,1.0420719758214065,282,47,6,50,30.0,0.0,0.0,G,,False
0,2.1724841905199708,2.0318930227123957,4.276544181592232,1.1547692234416724,259,37,7,50,30.0,0.0,0.0,G,,False
0,2.5833779164547632,2.40597135266961,5.061415772030906,1.3399092588695478,162,27,6,50,30.0,0.0,0.0,G,,False
0,1.773268335729685,1.6603647793812613,3.4522664817087896,0.9149113184554473,99,99,1,50,30.0,0.0,0.0,G,,False
0,3.205430357546069,2.9844884467780304,6.378629781314246,1.668701303260397,60,20,3,50,30.0,0.0,0.0,G,,False
0,1.1576850968750878,1.0911163185402941,2.2471895569078426,0.6000871833730386,276,276,1,50,30.0,0.0,0.0,G,,False
0,5.185182971127131,4.777918787188902,10.236953399664028,2.7233068846701918,28,7,4,50,30.0,0.0,0.0,G,,False
0,1.8579056098076074,1.7373958362985604,3.6137863875792844,0.9700589318029387,136,68,2,50,30.0,0.0,0.0,G,,False
0,1.152290921994656,1.0802384176787285,2.230259683238264,0.5996305373641247,287,287,1,50,30.0,0.0,0.0,G,,False
0,1.668860232204605,1.5800673581211129,3.2628303925923667,0.8784768446855472,276,69,4,50,30.0,0.0,0.0,G,,False
0,1.993032556473395,1.8779775209869243,3.812921186900939,1.0169801552271613,270,45,6,50,30.0,0.0,0.0,G,,False
0,1.3991652462297366,1.298189522806105,2.7145774617392715,0.7402992942133516,176,176,1,50,30.0,0.0,0.0,G,,False
0,1.2097902369817481,1.1356742819953212,2.304835102202353,0.6198083387344542,243,243,1,50,30.0,0.0,0.0,G,,False
0,2.3731626702083215,2.2207831386135837,4.754085384425107,1.2520956840595978,186,31,6,50,30.0,0.0,0.0,G,,False
0,1.3582478945013847,1.2536024959168586,2.678241425338692,0.7189548815741246,181,181,1,50,30.0,0.0,0.0,G,,False
0,1.7799100083952035,1.6793818979921369,3.477737481101335,0.9331527256881539,144,72,2,50,30.0,0.0,0.0,G,,False
0,4.716322260730103,4.424021545717316,9.164159085106073,2.494727751334992,27,9,3,50,30.0,0.0,0.0,G,,False
0,2.392152532330801,2.2365234238109153,4.73083206546427,1.2529211748828442,165,33,5,50,30.0,0.0,0.0,G,,False
0,1.881454662884554,1.7606932629777816,3.672474101197587,0.9874903577608924,255,51,5,50,30.0,0.0,0.0,G,,False
0,2.2761776650996515,2.1718798577041483,4.47957090867773,1.1910406954546133,61,61,1,50,30.0,0.0,0.0,G,,False
0,1.26689127968031,1.169479028857637,2.459633748134913,0.6559947965744068,215,215,1,50,30.0,0.0,0.0,G,,False
0,1.807390343761575,1.7100993499806876,3.4922461688796687,0.9347124298617895,290,58,5,50,30.0,0.0,0.0,G,,False
0,1.8585190095332025,1.7576706155870383,3.573846995124122,0.962128667722615,270,54,5,50,30.0,0.0,0.0,G,,False
0,1.1280646443715079,1.0787441864638083,2.1472709427633268,0.575224360285655,290,290,1,50,30.0,0.0,0.0,G,,False
0,3.590435125745113,3.3329336672450793,7.041879896602764,1.8742084339592975,84,14,6,50,30.0,0.0,0.0,G,,False
0,2.2604602758810235,2.1210341948784475,4.498877538161475,1.1981325202744608,185,37,5,50,30.0,0.0,0.0,G,,False
0,1.2356788875957339,1.1626944520155789,2.4238703853735384,0.6372417136032914,236,236,1,50,30.0,0.0,0.0,G,,False
0,1.7073020238621834,1.5795026784490105,3.376298320030871,0.9038350475980595,213,71,3,50,30.0,0.0,0.0,G,,False
0,2.1480158094619006,2.01994751340046,4.245113658740741,1.1223536549484354,68,68,1,50,30.0,0.0,0.0,G,,False
0,1.2891087458075956,1.20743889845901,2.486512496777247,0.6680031605602397,290,145,2,50,30.0,0.0,0.0,G,,False
0,1.183219821632005,1.1117604992554462,2.275333324031814,0.6031799568520154,266,266,1,50,30.0,0.0,0.0,G,,False
0,1.3146670447481483,1.2247619207428286,2.6219031098602823,0.7000791823629327,254,127,2,50,30.0,0.0,0.0,G,,False
0,3.419642177094116,3.2547879395865706,6.573244360180274,1.7716008080928942,90,15,6,50,30.0,0.0,0.0,G,,False
0,1.2597764684839503,1.1707085493240683,2.4803509056987343,0.6481179902625007,216,216,1,50,30.0,0.0,0.0,G,,False
0,3.4217458647337318,3.235576501611895,6.683806130116355,1.7914241571497367,26,26,1,50,30.0,0.0,0.0,G,,False
0,2.4350186838985066,2.274384546704802,4.724400128728996,1.275345226109371,150,30,5,50,30.0,0.0,0.0,G,,False
0,2.1566470987072854,2.0134473342638017,4.251752088574343,1.1504749501297715,132,44,3,50,30.0,0.0,0.0,G,,False
0,1.3790678390254443,1.280352674865675,2.6406268838605484,0.7007632270871073,172,172,1,50,30.0,0.0,0.0,G,,False
0,1.9878181197404634,1.8887476193565718,3.8098124637979387,1.0053183289078218,81,81,1,50,30.0,0.0,0.0,G,,False
0,1.1369927437876213,1.0792917616831588,2.172919196866934,0.5869637723382265,269,269,1,50,30.0,0.0,0.0,G,,False
0,1.9176925340557118,1.8168840468424818,3.6645700192945987,0.9695246841193839,288,48,6,50,30.0,0.0,0.0,G,,False
0,1.8503874873611357,1.737664819547902,3.5938828969013987,0.9660472233821945,94,94,1,50,30.0,0.0,0.0,G,,False
0,1.6204360208634419,1.5235818457991215,3.212337036738954,0.8469787429922663,234,78,3,50,30.0,0.0,0.0,G,,False
0,1.6069078971584652,1.5105631313982926,3.1234302733631223,0.8289729405599354,292,73,4,50,30.0,0.0,0.0,G,,False
0,7.81783215288626,7.4101934349636736,15.081700268091401,4.117811093311756,5,5,1,50,30.0,0.0,0.0,G,,False
0,4.454372570173736,4.219453643236385,8.539340230602965,2.338898178784389,45,9,5,50,30.0,0.0,0.0,G,,False
0,8.677956093525406,8.12073285430673,16.878976785558976,4.506103902778681,4,4,1,50,30.0,0.0,0.0,G,,False
0,2.4663555332780422,2.3076337046504563,4.771964081007829,1.302921998387873,102,34,3,50,30.0,0.0,0.0,G,,False
0,1.3593002331527526,1.2849506782499844,2.6372790149835117,0.7062062972213036,184,184,1,50,30.0,0.0,0.0,G,,False
0,1.5627906355909376,1.4724149042255306,3.0369252800030537,0.8181727387963359,198,99,2,50,30.0,0.0,0.0,G,,False
0,1.3941156603072544,1.3130709268041159,2.758676886777063,0.7343779673640225,226,113,2,50,30.0,0.0,0.0,G,,False
0,2.203802503136177,2.0538958400715828,4.280180009171374,1.1278591207471582,222,37,6,50,30.0,0.0,0.0,G,,False
0,1.4339436562572623,1.3458955903733525,2.8154315676483836,0.767650596037102,291,97,3,50,30.0,0.0,0.0,G,,False
0,1.1582341917605328,1.0901688733701391,2.248861833942314,0.5948712605827272,273,273,1,50,30.0,0.0,0.0,G,,False
0,1.5796182827697371,1.4758151632139445,3.0878902868647473,0.8401174527113624,127,127,1,50,30.0,0.0,0.0,G,,False
0,2.562740680521383,2.391587169567501,4.951377386572098,1.337640346932746,145,29,5,50,30.0,0.0,0.0,G,,False
0,1.318513587519864,1.2431024946420308,2.5886635551314803,0.6806464167379503,209,209,1,50,30.0,0.0,0.0,G,,False
0,2.2087131972765435,2.070730328759403,4.342811078847469,1.1852370558241043,63,63,1,50,30.0,0.0,0.0,G,,False
0,2.8627980358286806,2.647068706215549,5.702085163517723,1.5434121660851075,36,36,1,50,30.0,0.0,0.0,G,,False
0,1.8722324834126802,1.7598103230529176,3.609363010730564,0.9681217958800308,224,56,4,50,30.0,0.0,0.0,G,,False
0,1.4638254572107134,1.377953705866517,2.853480901399998,0.7787015565486809,158,158,1,50,30.0,0.0,0.0,G,,False
0,3.7676960940378863,3.5273265251430814,7.477841491179864,2.0399589186609806,52,13,4,50,30.0,0.0,0.0,G,,False
0,2.4839013920351656,2.3216689704980666,4.894091223176764,1.3306674412728925,48,48,1,50,30.0,0.0,0.0,G,,False
0,1.7503385963667342,1.6606495747067527,3.4587034696038095,0.9217538561426933,154,77,2,50,30.0,0.0,0.0,G,,False
0,1.1995810593268093,1.1329610989271899,2.2674518951163676,0.6020527548021951,259,259,1,50,30.0,0.0,0.0,G,,False
0,2.599701275592748,2.468164260842819,5.161638715735799,1.360244985966425,175,25,7,50,30.0,0.0,0.0,G,,False
0,1.6287806740814164,1.5164453447119257,3.171408485585611,0.8512967071602208,225,75,3,50,30.0,0.0,0.0,G,,False
0,2.0276660520562584,1.92401685857903,3.8904427620804323,1.0668978491028263,264,44,6,50,30.0,0.0,0.0,G,,False
0,1.4828345234846623,1.3885209640560205,2.924869949382393,0.7905576702298527,282,94,3,50,30.0,0.0,0.0,G,,False
0,3.4078380620607875,3.1782385901283448,6.563848658232195,1.780374186962516,80,16,5,50,30.0,0.0,0.0,G,,False
0,1.2294746398597443,1.1544462539667535,2.3439679013361086,0.6376014683951169,232,232,1,50,30.0,0.0,0.0,G,,False
0,2.512427990808514,2.298465619078911,4.857032753445629,1.3020782292989324,174,29,6,50,30.0,0.0,0.0,G,,False
0,1.7765133393254602,1.656930580843131,3.5530481983064104,0.9428879064215534,180,60,3,50,30.0,0.0,0.0,G,,False
0,1.6009149005290466,1.5209492497396795,3.123680075381172,0.8381859372955932,129,129,1,50,30.0,0.0,0.0,G,,False
0,1.4873107565729207,1.3719336030289355,2.93728735358141,0.7935204607617132,151,151,1,50,30.0,0.0,0.0,G,,False
0,3.1825154689237007,2.9362260554373236,6.313265092997715,1.6847500238966584,30,30,1,50,30.0,0.0,0.0,G,,False
0,1.494723834233229,1.3956097429504126,2.9299884986634344,0.7892732384225847,145,145,1,50,30.0,0.0,0.0,G,,False
0,2.439152337191205,2.3358322997309813,4.737667487777564,1.2720950160819107,124,31,4,50,30.0,0.0,0.0,G,,False
0,2.2549481033102565,2.1164281462366787,4.386461247054859,1.162688921029473,180,36,5,50,30.0,0.0,0.0,G,,False
