,error_angle_mean,error_angle_median,error_angle_std,N,k,n,kappa_within_site,site_lat,outlier_rate,ignore_outliers,site_long
0,3.405351886780351,3.114680325778423,1.8667875699467,50,1,50,10.0,0,0.0,False,0
0,4.844221899985272,4.427022480163494,2.8289878679067058,50,5,10,10.0,0,0.0,True,0
0,3.7633202102177554,3.4509869368305814,2.039345445315727,50,1,50,10.0,0,0.05,False,0
0,4.9142453452673855,4.503174935376315,2.8385210361562896,50,5,10,10.0,0,0.05,True,0
0,4.148615446058737,3.80155087613457,2.3010805536878687,50,1,50,10.0,0,0.1,False,0
0,4.986521949527408,4.4982986689605795,2.8548777997727726,50,5,10,10.0,0,0.1,True,0
0,5.221654757544687,4.8059811224306515,2.918821192373171,50,1,50,10.0,0,0.2,False,0
0,5.171855479820233,4.741221333470023,2.9472043686712754,50,5,10,10.0,0,0.2,True,0
0,2.8344237801518966,2.6167362405613446,1.5277332467137996,50,1,50,16.68100537200059,0,0.0,False,0
0,4.5345818228335375,4.052759263190531,2.7528806294732706,50,5,10,16.68100537200059,0,0.0,True,0
0,3.2538997334012176,2.9571274835371923,1.800142500319527,50,1,50,16.68100537200059,0,0.05,False,0
0,4.56346420394025,4.088056053924802,2.686004458649848,50,5,10,16.68100537200059,0,0.05,True,0
0,3.61623718211869,3.3097873723391515,1.9739911720570669,50,1,50,16.68100537200059,0,0.1,False,0
0,4.629015173649379,4.179391138947473,2.729499997146654,50,5,10,16.68100537200059,0,0.1,True,0
0,4.6682788632730725,4.293455195424542,2.6303413010351195,50,1,50,16.68100537200059,0,0.2,False,0
0,4.652472125874533,4.198961979016886,2.683120030107759,50,5,10,16.68100537200059,0,0.2,True,0
0,2.400396142774261,2.2310728320349966,1.3092238361340933,50,1,50,27.825594022071243,0,0.0,False,0
0,4.3147847590038655,3.7994754660551564,2.6551976700716704,50,5,10,27.825594022071243,0,0.0,True,0
0,2.8466053964264093,2.5981509524214914,1.580930717270639,50,1,50,27.825594022071243,0,0.05,False,0
0,4.351830530557144,3.876309914057792,2.6464266689455855,50,5,10,27.825594022071243,0,0.05,True,0
0,3.2889751710255632,3.0477336927261973,1.8149786444505376,50,1,50,27.825594022071243,0,0.1,False,0
0,4.362395893961662,3.8643384895146795,2.6360680491382853,50,5,10,27.825594022071243,0,0.1,True,0
0,4.250752120453548,3.868736601883427,2.425409287748203,50,1,50,27.825594022071243,0,0.2,False,0
0,4.417205057454283,3.8898252876308845,2.662400775529421,50,5,10,27.825594022071243,0,0.2,True,0
0,2.1507062275082434,2.0028437032909565,1.1775062370133516,50,1,50,46.41588833612777,0,0.0,False,0
0,4.153185168741008,3.6849568857010837,2.524191443456818,50,5,10,46.41588833612777,0,0.0,True,0
0,2.7095518249009483,2.5102921141103636,1.5055993311386653,50,1,50,46.41588833612777,0,0.05,False,0
0,4.13333928924831,3.6403738982811475,2.5845871383679064,50,5,10,46.41588833612777,0,0.05,True,0
0,3.084169975886169,2.8276595819862607,1.722661137057539,50,1,50,46.41588833612777,0,0.1,False,0
0,4.135054113148656,3.6704714211737084,2.544586747777062,50,5,10,46.41588833612777,0,0.1,True,0
0,4.096737146190294,3.747949722558417,2.292369052040296,50,1,50,46.41588833612777,0,0.2,False,0
0,4.2550664078853035,3.7246451383292225,2.6647300432559877,50,5,10,46.41588833612777,0,0.2,True,0
0,2.0237453799144745,1.8929037935760036,1.0869919822320817,50,1,50,77.4263682681127,0,0.0,False,0
0,4.07421565346352,3.602455506118126,2.5227154157220397,50,5,10,77.4263682681127,0,0.0,True,0
0,2.4848019034893016,2.2773889900684097,1.364625717217604,50,1,50,77.4263682681127,0,0.05,False,0
0,4.016833791331629,3.556970946758831,2.5095652758704996,50,5,10,77.4263682681127,0,0.05,True,0
0,2.93868568292207,2.705061293507214,1.6148171898338017,50,1,50,77.4263682681127,0,0.1,False,0
0,4.0861736106292526,3.6284567721204795,2.5352757418734444,50,5,10,77.4263682681127,0,0.1,True,0
0,3.911202082117573,3.552033209528375,2.253456608562522,50,1,50,77.4263682681127,0,0.2,False,0
0,4.084964840597691,3.644817404353965,2.504237132228474,50,5,10,77.4263682681127,0,0.2,True,0
0,1.9371766639821055,1.8076978386745992,1.0426253199371336,50,1,50,129.1549665014884,0,0.0,False,0
0,4.0456930759356835,3.5523679798412147,2.486945514871503,50,5,10,129.1549665014884,0,0.0,True,0
0,2.3989298317378243,2.2209057010605875,1.333311187702558,50,1,50,129.1549665014884,0,0.05,False,0
0,3.9966855244568844,3.5295609604222165,2.4757343157986176,50,5,10,129.1549665014884,0,0.05,True,0
0,2.921382101575114,2.699920039203164,1.6043358897947635,50,1,50,129.1549665014884,0,0.1,False,0
0,3.9545997906777948,3.4770365825862584,2.47630283857285,50,5,10,129.1549665014884,0,0.1,True,0
0,3.864218272151514,3.543614243746859,2.176138546603067,50,1,50,129.1549665014884,0,0.2,False,0
0,4.065665737166767,3.6266117719479922,2.464208100979349,50,5,10,129.1549665014884,0,0.2,True,0
0,1.8727425712057264,1.7486407600695841,1.0056989474995606,50,1,50,215.44346900318823,0,0.0,False,0
0,3.9015960306924584,3.4210724396240124,2.4389292958807305,50,5,10,215.44346900318823,0,0.0,True,0
0,2.317486769956154,2.1386797947676257,1.2866905367360588,50,1,50,215.44346900318823,0,0.05,False,0
0,3.958482992424556,3.4599224824646058,2.437263058254831,50,5,10,215.44346900318823,0,0.05,True,0
0,2.8379991562931,2.591946139520509,1.6128911666184702,50,1,50,215.44346900318823,0,0.1,False,0
0,3.951671127640158,3.474649867734314,2.428348648165251,50,5,10,215.44346900318823,0,0.1,True,0
0,3.828202636716817,3.458971518658309,2.1963589585611643,50,1,50,215.44346900318823,0,0.2,False,0
0,3.945449231514768,3.4881927047900447,2.476959609324664,50,5,10,215.44346900318823,0,0.2,True,0
0,1.8445559146184265,1.6981349398238805,1.0099774914946165,50,1,50,359.38136638046257,0,0.0,False,0
0,3.933571418265067,3.407752549469116,2.490118092354705,50,5,10,359.38136638046257,0,0.0,True,0
0,2.3274638626138247,2.12541738875656,1.3071718651313362,50,1,50,359.38136638046257,0,0.05,False,0
0,3.9059989646244557,3.4036754269339156,2.4639193157147314,50,5,10,359.38136638046257,0,0.05,True,0
0,2.814573818122535,2.577086424555148,1.5922570648767764,50,1,50,359.38136638046257,0,0.1,False,0
0,3.9297743459760204,3.514468364676091,2.4130103704521626,50,5,10,359.38136638046257,0,0.1,True,0
0,3.8605832611453703,3.5312847793287006,2.1858655850598008,50,1,50,359.38136638046257,0,0.2,False,0
0,3.965722912726943,3.5084083207430226,2.4467141626885667,50,5,10,359.38136638046257,0,0.2,True,0
0,1.8040800844955258,1.6631332902560914,0.9961614620299934,50,1,50,599.4842503189409,0,0.0,False,0
0,3.958210336453571,3.4716324141848958,2.4782896828209946,50,5,10,599.4842503189409,0,0.0,True,0
0,2.2836353043415785,2.11328422290849,1.2613700531717589,50,1,50,599.4842503189409,0,0.05,False,0
0,3.8612368263094288,3.415885503467983,2.4437654931387156,50,5,10,599.4842503189409,0,0.05,True,0
0,2.7760064553775963,2.5346826578145,1.5557789832460935,50,1,50,599.4842503189409,0,0.1,False,0
0,3.978080526902254,3.5268460861595727,2.406436196830288,50,5,10,599.4842503189409,0,0.1,True,0
0,3.806539270563924,3.433294723408771,2.2025930010803614,50,1,50,599.4842503189409,0,0.2,False,0
0,3.913850443054047,3.437874268997888,2.4385638650627883,50,5,10,599.4842503189409,0,0.2,True,0
0,1.7933770415981785,1.6550498937919755,0.9728816056626045,50,1,50,1000.0,0,0.0,False,0
0,3.963024574269297,3.4602862685985656,2.4451764895076464,50,5,10,1000.0,0,0.0,True,0
0,2.2560858414223266,2.0753362846996097,1.2766714253915084,50,1,50,1000.0,0,0.05,False,0
0,3.948717244641841,3.411308766300607,2.5266538468432964,50,5,10,1000.0,0,0.05,True,0
0,2.753714588465053,2.536399378923676,1.5425765804167975,50,1,50,1000.0,0,0.1,False,0
0,3.97813482217123,3.506312548689124,2.4943941861366454,50,5,10,1000.0,0,0.1,True,0
0,3.8280566252413757,3.506947777086502,2.193567370184862,50,1,50,1000.0,0,0.2,False,0
0,3.9275821671873334,3.3763209462648973,2.4746374304297896,50,5,10,1000.0,0,0.2,True,0
0,3.541564229118282,3.253806054237394,1.9604257643764886,50,1,50,10.0,10,0.0,False,0
0,5.12300593720269,4.699387622831139,2.923960385737516,50,5,10,10.0,10,0.0,True,0
0,3.9645554505525578,3.6551007242707243,2.222007057246835,50,1,50,10.0,10,0.05,False,0
0,5.153397907284044,4.6805310660331685,3.032695129593095,50,5,10,10.0,10,0.05,True,0
0,4.33155668486104,3.9764055776714216,2.3829047333650117,50,1,50,10.0,10,0.1,False,0
0,5.253897676227622,4.764788954095465,3.0414460437127224,50,5,10,10.0,10,0.1,True,0
0,5.348460117201975,4.858912177249202,3.028927943801899,50,1,50,10.0,10,0.2,False,0
0,5.499148180109585,4.939260448823525,3.2710511847148442,50,5,10,10.0,10,0.2,True,0
0,2.9683880734321946,2.7396988962918343,1.6198638366828462,50,1,50,16.68100537200059,10,0.0,False,0
0,4.737429817526803,4.255757986111554,2.812279713942116,50,5,10,16.68100537200059,10,0.0,True,0
0,3.2891523086321697,3.0051586823710963,1.8528136838585831,50,1,50,16.68100537200059,10,0.05,False,0
0,4.779673881066138,4.322209798880792,2.7793912076482457,50,5,10,16.68100537200059,10,0.05,True,0
0,3.7958097301895912,3.498244261794227,2.079372336948352,50,1,50,16.68100537200059,10,0.1,False,0
0,4.72759972309724,4.28873626236269,2.7898189493512637,50,5,10,16.68100537200059,10,0.1,True,0
0,4.710242704309501,4.3255246624163775,2.656460175354429,50,1,50,16.68100537200059,10,0.2,False,0
0,4.905649049751933,4.4288761611443945,2.8904528921880157,50,5,10,16.68100537200059,10,0.2,True,0
0,2.585784117029595,2.39053848666358,1.3784637678122507,50,1,50,27.825594022071243,10,0.0,False,0
0,4.381468808474429,3.9188067020904427,2.6217371459167413,50,5,10,27.825594022071243,10,0.0,True,0
0,2.9917673827231157,2.7815497194998358,1.630715035561672,50,1,50,27.825594022071243,10,0.05,False,0
0,4.441439990013376,4.002207473672925,2.6366930961681003,50,5,10,27.825594022071243,10,0.05,True,0
0,3.408639929981485,3.1201586038251676,1.8912864158826106,50,1,50,27.825594022071243,10,0.1,False,0
0,4.5119434995883605,4.018425417776633,2.734592475262475,50,5,10,27.825594022071243,10,0.1,True,0
0,4.457663367999733,4.097981826793628,2.485099850794916,50,1,50,27.825594022071243,10,0.2,False,0
0,4.580027261339885,4.073852143661654,2.7747904434398247,50,5,10,27.825594022071243,10,0.2,True,0
0,2.337430082527413,2.1689938506617352,1.2596917323124313,50,1,50,46.41588833612777,10,0.0,False,0
0,4.378346564693367,3.90744211071371,2.656424765425332,50,5,10,46.41588833612777,10,0.0,True,0
0,2.776475140410955,2.581020880828497,1.525715571194655,50,1,50,46.41588833612777,10,0.05,False,0
0,4.318342952847863,3.9183474691904223,2.626216574365825,50,5,10,46.41588833612777,10,0.05,True,0
0,3.2641714809540634,3.011081625637452,1.798953510553749,50,1,50,46.41588833612777,10,0.1,False,0
0,4.365411721576601,3.84790154957134,2.6718572585913813,50,5,10,46.41588833612777,10,0.1,True,0
0,4.190248106850564,3.7867041268596324,2.364792296543223,50,1,50,46.41588833612777,10,0.2,False,0
0,4.408657856933636,3.9459956396049165,2.688267994743423,50,5,10,46.41588833612777,10,0.2,True,0
0,2.183711524296498,2.05002315082384,1.1615600960433285,50,1,50,77.4263682681127,10,0.0,False,0
0,4.306935135347767,3.7724779261188672,2.645990212049132,50,5,10,77.4263682681127,10,0.0,True,0
0,2.6448295402845723,2.4363415789408265,1.422342671553377,50,1,50,77.4263682681127,10,0.05,False,0
0,4.2978965226010715,3.77210751828337,2.6650428925993257,50,5,10,77.4263682681127,10,0.05,True,0
0,3.082118235945631,2.8716630966967855,1.6977357147189451,50,1,50,77.4263682681127,10,0.1,False,0
0,4.295842282791493,3.8495551149161003,2.606287512758175,50,5,10,77.4263682681127,10,0.1,True,0
0,4.0949214049034826,3.7396824257327026,2.2750616185688513,50,1,50,77.4263682681127,10,0.2,False,0
0,4.333044536820328,3.7899083975286842,2.6386369529248217,50,5,10,77.4263682681127,10,0.2,True,0
0,2.104768947988355,1.9621895207079092,1.1451428845497142,50,1,50,129.1549665014884,10,0.0,False,0
0,4.187849589955384,3.734467830333145,2.6076732465455854,50,5,10,129.1549665014884,10,0.0,True,0
0,2.5314563927827622,2.286787139681067,1.4212369395328908,50,1,50,129.1549665014884,10,0.05,False,0
0,4.229303723237932,3.7606121195488242,2.5802780620244503,50,5,10,129.1549665014884,10,0.05,True,0
0,3.0200353734484073,2.7748927990125054,1.6701123888064993,50,1,50,129.1549665014884,10,0.1,False,0
0,4.1727057532890575,3.711584658147409,2.534616651303763,50,5,10,129.1549665014884,10,0.1,True,0
0,4.035030393477755,3.704528130209475,2.2673069815420273,50,1,50,129.1549665014884,10,0.2,False,0
0,4.243868335203518,3.7722869564697277,2.660431492295545,50,5,10,129.1549665014884,10,0.2,True,0
0,2.017210013141993,1.8653570006533684,1.1075081783865646,50,1,50,215.44346900318823,10,0.0,False,0
0,4.225206691097839,3.7822143451942125,2.5651325298479937,50,5,10,215.44346900318823,10,0.0,True,0
0,2.4764322579202016,2.284115993322864,1.3875893561327548,50,1,50,215.44346900318823,10,0.05,False,0
0,4.192094419659685,3.7165446294027973,2.571984827135406,50,5,10,215.44346900318823,10,0.05,True,0
0,2.9737928977140173,2.7350797458405935,1.6695400045158149,50,1,50,215.44346900318823,10,0.1,False,0
0,4.260803752746553,3.7651754376960795,2.5767522330401,50,5,10,215.44346900318823,10,0.1,True,0
0,4.014847699800471,3.6555794238091366,2.263968697003474,50,1,50,215.44346900318823,10,0.2,False,0
0,4.204620961274208,3.7097542260590686,2.5903835392309356,50,5,10,215.44346900318823,10,0.2,True,0
0,2.0163021756820445,1.878389977577065,1.0934346797259278,50,1,50,359.38136638046257,10,0.0,False,0
0,4.180895312455441,3.7038578227756247,2.534082057099761,50,5,10,359.38136638046257,10,0.0,True,0
0,2.4562646797537644,2.2407387330778334,1.3496323281139613,50,1,50,359.38136638046257,10,0.05,False,0
0,4.202191261015795,3.750414927206947,2.584796443571259,50,5,10,359.38136638046257,10,0.05,True,0
0,2.9629234480221993,2.744802835658035,1.6303659100562398,50,1,50,359.38136638046257,10,0.1,False,0
0,4.246874497088476,3.7251254525684416,2.704552621172934,50,5,10,359.38136638046257,10,0.1,True,0
0,3.961231674834422,3.629843653661176,2.209514439262398,50,1,50,359.38136638046257,10,0.2,False,0
0,4.154267885992587,3.7064747394235553,2.5776753892392765,50,5,10,359.38136638046257,10,0.2,True,0
0,1.9839062707842336,1.8380270486750945,1.0872751322735308,50,1,50,599.4842503189409,10,0.0,False,0
0,4.20946087572107,3.750248396245773,2.5917893491337463,50,5,10,599.4842503189409,10,0.0,True,0
0,2.452064741459962,2.2745837285686363,1.3377521830460997,50,1,50,599.4842503189409,10,0.05,False,0
0,4.127691031183215,3.59972845249105,2.567869510093253,50,5,10,599.4842503189409,10,0.05,True,0
0,2.9169486456238483,2.6904851934360536,1.6219867423294183,50,1,50,599.4842503189409,10,0.1,False,0
0,4.148902569535661,3.6262447427623528,2.5464387356037164,50,5,10,599.4842503189409,10,0.1,True,0
0,3.9566976646849317,3.616340051925796,2.1861655949011696,50,1,50,599.4842503189409,10,0.2,False,0
0,4.187236501537669,3.6815677587143796,2.5700105575311074,50,5,10,599.4842503189409,10,0.2,True,0
0,2.014393758037774,1.88217391077972,1.0887811664337859,50,1,50,1000.0,10,0.0,False,0
0,4.047096530819354,3.5704084979103072,2.5367137659426637,50,5,10,1000.0,10,0.0,True,0
0,2.4379012526319466,2.261788658347619,1.344554337847978,50,1,50,1000.0,10,0.05,False,0
0,4.1124844227139254,3.6124789158527904,2.577103101886683,50,5,10,1000.0,10,0.05,True,0
0,2.87035453851881,2.6178873572033368,1.5782094365750567,50,1,50,1000.0,10,0.1,False,0
0,4.159050278350067,3.674649457407149,2.5561955010896122,50,5,10,1000.0,10,0.1,True,0
0,3.9071181463394704,3.581352150773526,2.1776268078000207,50,1,50,1000.0,10,0.2,False,0
0,4.146214032365317,3.57309913415623,2.587124226548669,50,5,10,1000.0,10,0.2,True,0
0,3.9817547618669717,3.7209832758973107,2.1448771046295465,50,1,50,10.0,20,0.0,False,0
0,5.7862215488860835,5.269901873848788,3.280046522747549,50,5,10,10.0,20,0.0,True,0
0,4.427858644148647,4.16375082758487,2.367017242834757,50,1,50,10.0,20,0.05,False,0
0,5.839699866712293,5.367550301672566,3.3340989412872726,50,5,10,10.0,20,0.05,True,0
0,4.801669585019155,4.455927794280363,2.6306893239134106,50,1,50,10.0,20,0.1,False,0
0,5.791539020897803,5.272146579516466,3.278803051452746,50,5,10,10.0,20,0.1,True,0
0,5.869417848175915,5.440999059169727,3.2457611030007136,50,1,50,10.0,20,0.2,False,0
0,5.996565838839138,5.463928075272619,3.4186519025002773,50,5,10,10.0,20,0.2,True,0
0,3.2271446039403426,2.990214001083025,1.7404183514161444,50,1,50,16.68100537200059,20,0.0,False,0
0,5.21766361937526,4.783003327742541,3.0332410363172366,50,5,10,16.68100537200059,20,0.0,True,0
0,3.6973535098469466,3.438762359339428,1.9817359012385294,50,1,50,16.68100537200059,20,0.05,False,0
0,5.35782135463701,4.8711103552061985,3.1080338938811023,50,5,10,16.68100537200059,20,0.05,True,0
0,4.12314571052639,3.837063920387749,2.229990647339,50,1,50,16.68100537200059,20,0.1,False,0
0,5.369339154752151,4.925134313843998,3.146917377153385,50,5,10,16.68100537200059,20,0.1,True,0
0,5.108864705495838,4.749322510233078,2.852165114192821,50,1,50,16.68100537200059,20,0.2,False,0
0,5.4630715852580725,4.910881015326154,3.1288768956096376,50,5,10,16.68100537200059,20,0.2,True,0
0,2.8878549283015063,2.6978134643549083,1.516222187256474,50,1,50,27.825594022071243,20,0.0,False,0
0,4.987932638331825,4.512904730176409,2.8536474126513847,50,5,10,27.825594022071243,20,0.0,True,0
0,3.303868175044951,3.0824452515042324,1.7872799763486804,50,1,50,27.825594022071243,20,0.05,False,0
0,5.049888084882451,4.6375163260361205,2.933191653152253,50,5,10,27.825594022071243,20,0.05,True,0
0,3.759130546243345,3.4765567132117923,2.083664295679563,50,1,50,27.825594022071243,20,0.1,False,0
0,5.081477518252812,4.646054142916029,2.916911738866719,50,5,10,27.825594022071243,20,0.1,True,0
0,4.764475729051794,4.4196327760211815,2.646706537004581,50,1,50,27.825594022071243,20,0.2,False,0
0,5.189789402643684,4.677588973842191,2.983748160009737,50,5,10,27.825594022071243,20,0.2,True,0
0,2.6411712006066526,2.4668813077428737,1.391501936538537,50,1,50,46.41588833612777,20,0.0,False,0
0,4.711910767695672,4.213947475433173,2.762781463459149,50,5,10,46.41588833612777,20,0.0,True,0
0,3.062730463839341,2.8599863143048836,1.6493821645560598,50,1,50,46.41588833612777,20,0.05,False,0
0,4.827573885249767,4.349739586717092,2.7994813696274963,50,5,10,46.41588833612777,20,0.05,True,0
0,3.423003090344587,3.1571126639466485,1.8996302655048272,50,1,50,46.41588833612777,20,0.1,False,0
0,4.8418330829825384,4.330836918971052,2.813241061768989,50,5,10,46.41588833612777,20,0.1,True,0
0,4.47495768710419,4.061572862797661,2.5134821234344904,50,1,50,46.41588833612777,20,0.2,False,0
0,4.850217579112543,4.414378057691067,2.8324598974599957,50,5,10,46.41588833612777,20,0.2,True,0
0,2.433729946518924,2.2828881034779513,1.2833285984819363,50,1,50,77.4263682681127,20,0.0,False,0
0,4.747773693498732,4.267540213695732,2.8323395463786807,50,5,10,77.4263682681127,20,0.0,True,0
0,2.8583017065803378,2.6629617717018306,1.530104419199981,50,1,50,77.4263682681127,20,0.05,False,0
0,4.747579072017678,4.26217942300805,2.8095088229533633,50,5,10,77.4263682681127,20,0.05,True,0
0,3.3489698261658125,3.109417125621654,1.8265849290201026,50,1,50,77.4263682681127,20,0.1,False,0
0,4.739968099807009,4.194637625437686,2.862987673194972,50,5,10,77.4263682681127,20,0.1,True,0
0,4.321935575451937,4.002893725850697,2.378926265872186,50,1,50,77.4263682681127,20,0.2,False,0
0,4.739453378355778,4.273146328044767,2.7946898659969905,50,5,10,77.4263682681127,20,0.2,True,0
0,2.3828619021705406,2.2421573111827726,1.2603757008282324,50,1,50,129.1549665014884,20,0.0,False,0
0,4.686843732588304,4.168411200959156,2.800276610349776,50,5,10,129.1549665014884,20,0.0,True,0
0,2.798977379320587,2.5671843231978286,1.5219034896354018,50,1,50,129.1549665014884,20,0.05,False,0
0,4.639377596912049,4.161384500056656,2.70053794898535,50,5,10,129.1549665014884,20,0.05,True,0
0,3.322957903697492,3.084332946920753,1.7933129615749226,50,1,50,129.1549665014884,20,0.1,False,0
0,4.757217122780465,4.296921677163503,2.8309478867671767,50,5,10,129.1549665014884,20,0.1,True,0
0,4.246866696813952,3.902037984612818,2.330630344856838,50,1,50,129.1549665014884,20,0.2,False,0
0,4.738693144190777,4.236530622102606,2.808128068872217,50,5,10,129.1549665014884,20,0.2,True,0
0,2.372067290104026,2.2192500086179052,1.2573816997976164,50,1,50,215.44346900318823,20,0.0,False,0
0,4.584619671651943,4.09149227510126,2.689775277634101,50,5,10,215.44346900318823,20,0.0,True,0
0,2.763729709385594,2.5923038409725905,1.5015558145518368,50,1,50,215.44346900318823,20,0.05,False,0
0,4.671432093866507,4.2123699546739175,2.8060379876609733,50,5,10,215.44346900318823,20,0.05,True,0
0,3.2294196617234383,2.9908834759088307,1.7795417976377934,50,1,50,215.44346900318823,20,0.1,False,0
0,4.670449575005385,4.2054868982690365,2.7707131386542176,50,5,10,215.44346900318823,20,0.1,True,0
0,4.210478232868652,3.837221885090358,2.3867074799822072,50,1,50,215.44346900318823,20,0.2,False,0
0,4.7212815328266355,4.2384250537087595,2.8281152221479147,50,5,10,215.44346900318823,20,0.2,True,0
0,2.2867582668880124,2.130839060065078,1.2264012300922509,50,1,50,359.38136638046257,20,0.0,False,0
0,4.524366180983941,4.051685367896411,2.671847886455939,50,5,10,359.38136638046257,20,0.0,True,0
0,2.741746884162274,2.5436803781099755,1.4557535270525892,50,1,50,359.38136638046257,20,0.05,False,0
0,4.618136110086907,4.1408695700446,2.7580773676413255,50,5,10,359.38136638046257,20,0.05,True,0
0,3.1902631395327967,2.9389107675612394,1.752813603487863,50,1,50,359.38136638046257,20,0.1,False,0
0,4.567576354697925,4.101193051227078,2.7021044608118197,50,5,10,359.38136638046257,20,0.1,True,0
0,4.184669771764718,3.7845820402369057,2.34489146678238,50,1,50,359.38136638046257,20,0.2,False,0
0,4.599250443831572,4.1273978833269,2.7127015937806322,50,5,10,359.38136638046257,20,0.2,True,0
0,2.3017369337768088,2.1335213580133185,1.228273260186833,50,1,50,599.4842503189409,20,0.0,False,0
0,4.64560659935172,4.180660313990224,2.7613227375231615,50,5,10,599.4842503189409,20,0.0,True,0
0,2.6934107265969898,2.4691233906422454,1.4711461781479651,50,1,50,599.4842503189409,20,0.05,False,0
0,4.594728898494448,4.033539611507514,2.7942581781146565,50,5,10,599.4842503189409,20,0.05,True,0
0,3.20006752575005,2.956904237695447,1.7571111533301913,50,1,50,599.4842503189409,20,0.1,False,0
0,4.6553006253698115,4.12384170465144,2.7890287465940458,50,5,10,599.4842503189409,20,0.1,True,0
0,4.144126696216516,3.7622002101729706,2.3070222845296855,50,1,50,599.4842503189409,20,0.2,False,0
0,4.6284498040947275,4.111581195385185,2.8067299142318602,50,5,10,599.4842503189409,20,0.2,True,0
0,2.29199040003563,2.1548131582431864,1.2341613398577482,50,1,50,1000.0,20,0.0,False,0
0,4.6025627767475275,4.0912694430064676,2.7365162251607584,50,5,10,1000.0,20,0.0,True,0
0,2.6777712879969253,2.482397602298434,1.4422853455312084,50,1,50,1000.0,20,0.05,False,0
0,4.5684792414317315,4.037781839359951,2.7595942017646955,50,5,10,1000.0,20,0.05,True,0
0,3.146651121091579,2.9236249067691418,1.7028774387768706,50,1,50,1000.0,20,0.1,False,0
0,4.539138830311262,4.075620135225996,2.73608956332578,50,5,10,1000.0,20,0.1,True,0
0,4.209667374256055,3.8820482379364947,2.34351136118854,50,1,50,1000.0,20,0.2,False,0
0,4.621522867180122,4.115627473948628,2.782091515378622,50,5,10,1000.0,20,0.2,True,0
0,4.626732592515306,4.2785113649633715,2.485633024895396,50,1,50,10.0,30,0.0,False,0
0,6.444107586439523,5.965422705033816,3.4916970965443337,50,5,10,10.0,30,0.0,True,0
0,4.977799309732443,4.584433729049721,2.6911892337854564,50,1,50,10.0,30,0.05,False,0
0,6.452410858942151,5.944602377543589,3.592164383608696,50,5,10,10.0,30,0.05,True,0
0,5.411672532674329,4.970430039410239,2.915293513828304,50,1,50,10.0,30,0.1,False,0
0,6.460442258854113,6.026687526553964,3.567181318655522,50,5,10,10.0,30,0.1,True,0
0,6.551077663849879,6.022035214525253,3.5946264520387365,50,1,50,10.0,30,0.2,False,0
0,6.865340337191878,6.348378598977369,3.807218328069703,50,5,10,10.0,30,0.2,True,0
0,3.7774282857416583,3.533649731706454,1.9764407165077122,50,1,50,16.68100537200059,30,0.0,False,0
0,5.807464240826703,5.330648301223533,3.2761477340284424,50,5,10,16.68100537200059,30,0.0,True,0
0,4.143976768165806,3.8331794034707514,2.275058300390718,50,1,50,16.68100537200059,30,0.05,False,0
0,5.876425434248262,5.36868404540995,3.3012790074883993,50,5,10,16.68100537200059,30,0.05,True,0
0,4.585679714613787,4.263923056030315,2.465504813509086,50,1,50,16.68100537200059,30,0.1,False,0
0,5.983888748537798,5.533009215712319,3.317633422056076,50,5,10,16.68100537200059,30,0.1,True,0
0,5.740829633695737,5.356920075477795,3.06925730286978,50,1,50,16.68100537200059,30,0.2,False,0
0,6.1251352622385955,5.562403748664316,3.3152753183266777,50,5,10,16.68100537200059,30,0.2,True,0
0,3.1862079543333515,3.0116280475549715,1.7058783037987204,50,1,50,27.825594022071243,30,0.0,False,0
0,5.568400330334167,5.128989379508809,3.1370621047685874,50,5,10,27.825594022071243,30,0.0,True,0
0,3.675463721123708,3.4213940062865476,1.9463620600040237,50,1,50,27.825594022071243,30,0.05,False,0
0,5.6137898356032725,5.086653621123197,3.1686307955355297,50,5,10,27.825594022071243,30,0.05,True,0
0,4.011513472214618,3.734105059257658,2.2069567086224158,50,1,50,27.825594022071243,30,0.1,False,0
0,5.524949781613792,5.017681069720176,3.1552568198720192,50,5,10,27.825594022071243,30,0.1,True,0
0,5.08495861366355,4.724503562896203,2.816948839757195,50,1,50,27.825594022071243,30,0.2,False,0
0,5.641738136214078,5.163615462679601,3.15583833141061,50,5,10,27.825594022071243,30,0.2,True,0
0,2.8754915393787757,2.69040002732379,1.5341561517671418,50,1,50,46.41588833612777,30,0.0,False,0
0,5.327787519396023,4.897712067652165,3.047110355794971,50,5,10,46.41588833612777,30,0.0,True,0
0,3.323930510523536,3.094870316147926,1.8049849788143781,50,1,50,46.41588833612777,30,0.05,False,0
0,5.366118881045997,4.922728583531786,3.0351965729316226,50,5,10,46.41588833612777,30,0.05,True,0
0,3.7672934981896624,3.4800934456353687,2.049684811890014,50,1,50,46.41588833612777,30,0.1,False,0
0,5.44458352079751,4.918582606281383,3.0437280509700226,50,5,10,46.41588833612777,30,0.1,True,0
0,4.71848410205304,4.387237970731654,2.589446848379492,50,1,50,46.41588833612777,30,0.2,False,0
0,5.456422691561862,4.98111679458826,3.122803243084323,50,5,10,46.41588833612777,30,0.2,True,0
0,2.6735179578440773,2.5096142139036957,1.4056809249651172,50,1,50,77.4263682681127,30,0.0,False,0
0,5.211015340052396,4.629273498884686,3.059432288618264,50,5,10,77.4263682681127,30,0.0,True,0
0,3.122686802562693,2.9247349160380836,1.6835609006320342,50,1,50,77.4263682681127,30,0.05,False,0
0,5.183090852465282,4.713039908555892,2.9278535309244695,50,5,10,77.4263682681127,30,0.05,True,0
0,3.5950403658814873,3.3619113505957614,1.9517069952806991,50,1,50,77.4263682681127,30,0.1,False,0
0,5.203316293996266,4.728849995162783,2.9369493126024704,50,5,10,77.4263682681127,30,0.1,True,0
0,4.684594107041512,4.32740582561609,2.545141747125754,50,1,50,77.4263682681127,30,0.2,False,0
0,5.245524747098052,4.781264631819688,3.047741591968524,50,5,10,77.4263682681127,30,0.2,True,0
0,2.648592491163221,2.4464684104727183,1.419907311876243,50,1,50,129.1549665014884,30,0.0,False,0
0,5.138583781068581,4.671219043368659,2.987487895371996,50,5,10,129.1549665014884,30,0.0,True,0
0,3.050670034716111,2.8460117723034273,1.625242391866565,50,1,50,129.1549665014884,30,0.05,False,0
0,5.171192298457035,4.69035963780027,2.9730860034702027,50,5,10,129.1549665014884,30,0.05,True,0
0,3.4428508393492234,3.2080824870389932,1.8632621437380177,50,1,50,129.1549665014884,30,0.1,False,0
0,5.11556388228899,4.684078859258392,2.9366607384558625,50,5,10,129.1549665014884,30,0.1,True,0
0,4.551016929347606,4.18814293288704,2.465930246720643,50,1,50,129.1549665014884,30,0.2,False,0
0,5.189213253077391,4.707867146671845,2.9563366481037745,50,5,10,129.1549665014884,30,0.2,True,0
0,2.5475712228717415,2.3799120979191457,1.3515667108646159,50,1,50,215.44346900318823,30,0.0,False,0
0,5.120077100462455,4.654030371554356,2.9225418776399943,50,5,10,215.44346900318823,30,0.0,True,0
0,2.9765204789577258,2.7936970047634446,1.584722242313959,50,1,50,215.44346900318823,30,0.05,False,0
0,5.103935251265789,4.619066796769886,2.8954402662093184,50,5,10,215.44346900318823,30,0.05,True,0
0,3.428983209520831,3.1531048621664652,1.8608963940849796,50,1,50,215.44346900318823,30,0.1,False,0
0,5.163775688503653,4.721883144164082,2.998803917781966,50,5,10,215.44346900318823,30,0.1,True,0
0,4.411549798935233,4.111417013310692,2.3356697572177705,50,1,50,215.44346900318823,30,0.2,False,0
0,5.115440741797256,4.607821204391719,2.932001034715428,50,5,10,215.44346900318823,30,0.2,True,0
0,2.5004759216429413,2.331037369497494,1.3206737010491738,50,1,50,359.38136638046257,30,0.0,False,0
0,5.165105485883688,4.71345436965094,2.9250235193602805,50,5,10,359.38136638046257,30,0.0,True,0
0,2.9491174289433646,2.767730489570198,1.601375605690406,50,1,50,359.38136638046257,30,0.05,False,0
0,5.036671708053964,4.587810640867538,2.892249914944007,50,5,10,359.38136638046257,30,0.05,True,0
0,3.3781570643534016,3.1297101734566937,1.8506193313725525,50,1,50,359.38136638046257,30,0.1,False,0
0,4.9686573090422455,4.469990248857478,2.884722782294954,50,5,10,359.38136638046257,30,0.1,True,0
0,4.477948141014842,4.157817757374744,2.388020348578263,50,1,50,359.38136638046257,30,0.2,False,0
0,5.0641357908943165,4.554592458897368,2.9248766096346674,50,5,10,359.38136638046257,30,0.2,True,0
0,2.5073116359828864,2.358769336598357,1.3282773970965116,50,1,50,599.4842503189409,30,0.0,False,0
0,5.042800335566412,4.57915527819344,2.956430583114817,50,5,10,599.4842503189409,30,0.0,True,0
0,2.9514576987298886,2.7578571896936594,1.5582701941014039,50,1,50,599.4842503189409,30,0.05,False,0
0,4.970912352591518,4.551061818973643,2.8163948956177434,50,5,10,599.4842503189409,30,0.05,True,0
0,3.4020198319831936,3.1475528853155055,1.8222317856167594,50,1,50,599.4842503189409,30,0.1,False,0
0,5.174415335044609,4.722560352094376,2.94976395406593,50,5,10,599.4842503189409,30,0.1,True,0
0,4.399993359243579,4.049100930682492,2.3997404188985736,50,1,50,599.4842503189409,30,0.2,False,0
0,5.075224851360361,4.605507658439315,2.9558706327543867,50,5,10,599.4842503189409,30,0.2,True,0
0,2.518407603159826,2.3264968175628766,1.3473828241912287,50,1,50,1000.0,30,0.0,False,0
0,5.014860545907488,4.555982696154729,2.9326167930730986,50,5,10,1000.0,30,0.0,True,0
0,2.917707539123398,2.773643189897946,1.5679508719760638,50,1,50,1000.0,30,0.05,False,0
0,5.102238868460207,4.627278209600732,2.9766039853317725,50,5,10,1000.0,30,0.05,True,0
0,3.37797987935957,3.0884246726485145,1.8568272273137219,50,1,50,1000.0,30,0.1,False,0
0,4.91901505697369,4.458783151357949,2.883092171907332,50,5,10,1000.0,30,0.1,True,0
0,4.319854675926498,4.0090958063566475,2.365552243953642,50,1,50,1000.0,30,0.2,False,0
0,5.112177260930703,4.656816005566313,2.9362759441382025,50,5,10,1000.0,30,0.2,True,0
0,5.233891205434509,4.922839937589167,2.826120864307674,50,1,50,10.0,40,0.0,False,0
0,7.035718073167547,6.505874275717311,3.8495686878814053,50,5,10,10.0,40,0.0,True,0
0,5.650669823637983,5.247716839710165,3.087216038977118,50,1,50,10.0,40,0.05,False,0
0,7.133095357722348,6.555367376349338,3.839378911061982,50,5,10,10.0,40,0.05,True,0
0,6.18169908514521,5.763985186219742,3.2960940106807763,50,1,50,10.0,40,0.1,False,0
0,7.328434684254995,6.791489821555196,3.866122116539876,50,5,10,10.0,40,0.1,True,0
0,7.264015563714257,6.795922916104466,3.9185027945580306,50,1,50,10.0,40,0.2,False,0
0,7.615300968440278,7.156718537435545,4.081825016739094,50,5,10,10.0,40,0.2,True,0
0,4.2816222810522975,3.9864729802520813,2.2584000720858417,50,1,50,16.68100537200059,40,0.0,False,0
0,6.411690005954963,5.892713888153317,3.5002933635183062,50,5,10,16.68100537200059,40,0.0,True,0
0,4.671689250427111,4.375945941430771,2.472556279997748,50,1,50,16.68100537200059,40,0.05,False,0
0,6.452139263857946,6.039551464413513,3.475417909453253,50,5,10,16.68100537200059,40,0.05,True,0
0,5.202328313878641,4.856535264798374,2.765143795928813,50,1,50,16.68100537200059,40,0.1,False,0
0,6.594422667742055,6.142927555791452,3.555824923728502,50,5,10,16.68100537200059,40,0.1,True,0
0,6.220065199353071,5.852824834586492,3.320509110850267,50,1,50,16.68100537200059,40,0.2,False,0
0,6.84085482386502,6.4013451184278765,3.6649176823524527,50,5,10,16.68100537200059,40,0.2,True,0
0,3.5726539337203103,3.3580502406668913,1.8944665037016875,50,1,50,27.825594022071243,40,0.0,False,0
0,6.0214145639559495,5.587147061166554,3.2507479234022933,50,5,10,27.825594022071243,40,0.0,True,0
0,4.026131940084689,3.7621894499292523,2.185676329842427,50,1,50,27.825594022071243,40,0.05,False,0
0,6.125523674921726,5.606078376157143,3.376565405067998,50,5,10,27.825594022071243,40,0.05,True,0
0,4.543396117194283,4.222377098132206,2.4495724892174517,50,1,50,27.825594022071243,40,0.1,False,0
0,6.131717667058062,5.6399713690100555,3.395421684842219,50,5,10,27.825594022071243,40,0.1,True,0
0,5.490606166487018,5.059528714856889,3.024769699706888,50,1,50,27.825594022071243,40,0.2,False,0
0,6.202311779721822,5.711968283100909,3.4204334635230764,50,5,10,27.825594022071243,40,0.2,True,0
0,3.187389738091356,2.9834341745274457,1.6822660855451177,50,1,50,46.41588833612777,40,0.0,False,0
0,5.817864217513735,5.360489337098265,3.217912137931225,50,5,10,46.41588833612777,40,0.0,True,0
0,3.57533714107408,3.288149671980655,1.882951505944375,50,1,50,46.41588833612777,40,0.05,False,0
0,5.846621700629424,5.407815119475401,3.2713405575052548,50,5,10,46.41588833612777,40,0.05,True,0
0,4.088318556890826,3.807263521531368,2.1664234193056346,50,1,50,46.41588833612777,40,0.1,False,0
0,5.923067069800518,5.450608160550317,3.2987044952488054,50,5,10,46.41588833612777,40,0.1,True,0
0,5.172720962520232,4.815605409961513,2.8022632884015017,50,1,50,46.41588833612777,40,0.2,False,0
0,5.8499065620326665,5.361146020760927,3.3006141376070364,50,5,10,46.41588833612777,40,0.2,True,0
0,2.9310845124172302,2.740765077478258,1.5722613660779432,50,1,50,77.4263682681127,40,0.0,False,0
0,5.669570482366085,5.17868107704993,3.1799968305521324,50,5,10,77.4263682681127,40,0.0,True,0
0,3.405817740082985,3.1780431119114354,1.808793373678425,50,1,50,77.4263682681127,40,0.05,False,0
0,5.591642448325995,5.0761804688374,3.170013951949553,50,5,10,77.4263682681127,40,0.05,True,0
0,3.8428294566529395,3.551856317833945,2.0620720780893182,50,1,50,77.4263682681127,40,0.1,False,0
0,5.691642373753565,5.230384034079506,3.204022736416941,50,5,10,77.4263682681127,40,0.1,True,0
0,4.904642595516361,4.520986057339563,2.6566737725327174,50,1,50,77.4263682681127,40,0.2,False,0
0,5.780438384260651,5.268174050733201,3.204587431439958,50,5,10,77.4263682681127,40,0.2,True,0
0,2.801496817030877,2.647358775488165,1.463083225068677,50,1,50,129.1549665014884,40,0.0,False,0
0,5.638850811402308,5.220837298646259,3.1172408545667025,50,5,10,129.1549665014884,40,0.0,True,0
0,3.2560017414358673,3.02859514747837,1.7349884786466125,50,1,50,129.1549665014884,40,0.05,False,0
0,5.590286050361346,5.087393988482049,3.16593570965346,50,5,10,129.1549665014884,40,0.05,True,0
0,3.681801295613178,3.4476669419844796,1.98216086860476,50,1,50,129.1549665014884,40,0.1,False,0
0,5.559181254692472,5.129742734132357,3.1076617640399533,50,5,10,129.1549665014884,40,0.1,True,0
0,4.7110038800098115,4.2711646985932035,2.595846912724266,50,1,50,129.1549665014884,40,0.2,False,0
0,5.603398801845029,5.231779585716126,3.1166596263354,50,5,10,129.1549665014884,40,0.2,True,0
0,2.7287956455911235,2.5683109461192046,1.438809534585927,50,1,50,215.44346900318823,40,0.0,False,0
0,5.483657861233086,5.00484918625132,3.091033350434514,50,5,10,215.44346900318823,40,0.0,True,0
0,3.1818981745328028,2.969304513757436,1.6626722516525063,50,1,50,215.44346900318823,40,0.05,False,0
0,5.545910202580241,5.04879580246493,3.10005078810468,50,5,10,215.44346900318823,40,0.05,True,0
0,3.543241016578826,3.297512095446308,1.9068386640097466,50,1,50,215.44346900318823,40,0.1,False,0
0,5.5866222144117055,5.156151579803812,3.0963728211486155,50,5,10,215.44346900318823,40,0.1,True,0
0,4.756462027661199,4.384785932383252,2.540360934014966,50,1,50,215.44346900318823,40,0.2,False,0
0,5.53524430703208,5.108372681184271,3.093295215226619,50,5,10,215.44346900318823,40,0.2,True,0
0,2.6964294231774795,2.4886627557378347,1.460963858398897,50,1,50,359.38136638046257,40,0.0,False,0
0,5.492332556641772,5.041388103787185,3.13517719890624,50,5,10,359.38136638046257,40,0.0,True,0
0,3.0883181146981693,2.858085527209319,1.6686301514915578,50,1,50,359.38136638046257,40,0.05,False,0
0,5.527783185460094,5.104142352080572,3.0709783348208326,50,5,10,359.38136638046257,40,0.05,True,0
0,3.5743538068497074,3.307568856943277,1.9245904749008507,50,1,50,359.38136638046257,40,0.1,False,0
0,5.538987075943731,5.019156955401321,3.1248318478105963,50,5,10,359.38136638046257,40,0.1,True,0
0,4.633574246101385,4.344350663595051,2.508884593803427,50,1,50,359.38136638046257,40,0.2,False,0
0,5.483405182477819,5.015907815426353,3.079755033739221,50,5,10,359.38136638046257,40,0.2,True,0
0,2.63537853009851,2.4609688716818425,1.382088638909281,50,1,50,599.4842503189409,40,0.0,False,0
0,5.575947277428777,5.087585428872636,3.1286126010121658,50,5,10,599.4842503189409,40,0.0,True,0
0,3.087801023363872,2.9030887249303987,1.6284429385668076,50,1,50,599.4842503189409,40,0.05,False,0
0,5.451665688399808,5.033884861169902,3.025974168546904,50,5,10,599.4842503189409,40,0.05,True,0
0,3.554344632325416,3.302924194432272,1.8949701052249714,50,1,50,599.4842503189409,40,0.1,False,0
0,5.532740235570025,5.030989061143558,3.135325462688748,50,5,10,599.4842503189409,40,0.1,True,0
0,4.5739385096734,4.232437130120964,2.518391217743065,50,1,50,599.4842503189409,40,0.2,False,0
0,5.551718265396594,5.008667036135442,3.1628060802246596,50,5,10,599.4842503189409,40,0.2,True,0
0,2.641127641110503,2.4954139690661847,1.3932571832639409,50,1,50,1000.0,40,0.0,False,0
0,5.470146059059174,5.011823057819882,3.0361432722814694,50,5,10,1000.0,40,0.0,True,0
0,3.070552523615512,2.8562040421644994,1.6440780889325608,50,1,50,1000.0,40,0.05,False,0
0,5.39761205914108,4.886606590831427,3.120444854089438,50,5,10,1000.0,40,0.05,True,0
0,3.5417059984532373,3.2415142414022284,1.9154827792737206,50,1,50,1000.0,40,0.1,False,0
0,5.452108291752494,4.979873068988397,3.05520455969173,50,5,10,1000.0,40,0.1,True,0
0,4.703848416442673,4.358444639452358,2.511670604345761,50,1,50,1000.0,40,0.2,False,0
0,5.445809205549866,4.916860420219571,3.084824199319785,50,5,10,1000.0,40,0.2,True,0
0,5.8435945875457875,5.455437495086954,3.071174235451501,50,1,50,10.0,50,0.0,False,0
0,7.671320889725915,7.178435641476376,4.08041611318585,50,5,10,10.0,50,0.0,True,0
0,6.318623333062181,5.890229611366628,3.367080187443357,50,1,50,10.0,50,0.05,False,0
0,7.90939244611577,7.361356898303697,4.272038786091779,50,5,10,10.0,50,0.05,True,0
0,6.797665000323194,6.309256256065261,3.634895116799775,50,1,50,10.0,50,0.1,False,0
0,7.967517573639152,7.465497748309986,4.279892853618302,50,5,10,10.0,50,0.1,True,0
0,7.923566734060205,7.371454563981267,4.266466877722378,50,1,50,10.0,50,0.2,False,0
0,8.300264956506858,7.750982460541735,4.36224256895493,50,5,10,10.0,50,0.2,True,0
0,4.667009618466797,4.422047649953896,2.4511783580741153,50,1,50,16.68100537200059,50,0.0,False,0
0,7.0036613727735535,6.447084862596334,3.8089693488952525,50,5,10,16.68100537200059,50,0.0,True,0
0,5.133545518932606,4.788439770954099,2.7561126881857847,50,1,50,16.68100537200059,50,0.05,False,0
0,7.1557187386971615,6.629933891463999,3.926955080654465,50,5,10,16.68100537200059,50,0.05,True,0
0,5.603312292664054,5.166813798443549,2.9667124681618846,50,1,50,16.68100537200059,50,0.1,False,0
0,7.142217952347897,6.665448244850538,3.926272083869356,50,5,10,16.68100537200059,50,0.1,True,0
0,6.723088552245918,6.288207977397107,3.63297580251946,50,1,50,16.68100537200059,50,0.2,False,0
0,7.266874960400175,6.676295874294446,3.9816119876335656,50,5,10,16.68100537200059,50,0.2,True,0
0,3.9091868147518585,3.658218812432196,2.0598616025655567,50,1,50,27.825594022071243,50,0.0,False,0
0,6.508817606547529,5.991445056965908,3.548486918865691,50,5,10,27.825594022071243,50,0.0,True,0
0,4.340546921178849,4.073831153739896,2.335899825368042,50,1,50,27.825594022071243,50,0.05,False,0
0,6.673270582584411,6.156535589617043,3.5545830635969056,50,5,10,27.825594022071243,50,0.05,True,0
0,4.884579628858578,4.612364692387608,2.617296046038023,50,1,50,27.825594022071243,50,0.1,False,0
0,6.573747423678226,6.1299197882864505,3.6064679972201934,50,5,10,27.825594022071243,50,0.1,True,0
0,5.970108636375155,5.568004285403674,3.194154953927268,50,1,50,27.825594022071243,50,0.2,False,0
0,6.701371733769467,6.240375468309921,3.6042721001215874,50,5,10,27.825594022071243,50,0.2,True,0
0,3.441359559512513,3.2444175585287454,1.799362211351686,50,1,50,46.41588833612777,50,0.0,False,0
0,6.268724767327425,5.841538143047984,3.371529919012098,50,5,10,46.41588833612777,50,0.0,True,0
0,3.9003511363210115,3.676064170646029,2.065513267554454,50,1,50,46.41588833612777,50,0.05,False,0
0,6.278067978341907,5.8620996037042445,3.3739364476511855,50,5,10,46.41588833612777,50,0.05,True,0
0,4.36172575987408,4.099743452023603,2.2885518927049593,50,1,50,46.41588833612777,50,0.1,False,0
0,6.316222381798296,5.798189592514198,3.48470118224661,50,5,10,46.41588833612777,50,0.1,True,0
0,5.481978568018693,5.080397894202768,2.9385150919577145,50,1,50,46.41588833612777,50,0.2,False,0
0,6.429752418052982,5.908845180416918,3.5524555228162513,50,5,10,46.41588833612777,50,0.2,True,0
0,3.1658802935544927,2.9898801251534977,1.645671560863525,50,1,50,77.4263682681127,50,0.0,False,0
0,6.0332224713264875,5.598730627335463,3.3321797080990354,50,5,10,77.4263682681127,50,0.0,True,0
0,3.5998076899480203,3.3192989481917934,1.9119308131257073,50,1,50,77.4263682681127,50,0.05,False,0
0,6.160135572692668,5.6385900158251445,3.3698623647321866,50,5,10,77.4263682681127,50,0.05,True,0
0,4.103782900049918,3.8468268916921886,2.172154100240953,50,1,50,77.4263682681127,50,0.1,False,0
0,6.083433780908072,5.636746337566649,3.358937880693762,50,5,10,77.4263682681127,50,0.1,True,0
0,5.177299315560999,4.771712293449831,2.8372316347837727,50,1,50,77.4263682681127,50,0.2,False,0
0,6.093674978787956,5.65286431239501,3.3295028188000915,50,5,10,77.4263682681127,50,0.2,True,0
0,3.007922638553246,2.850276679764349,1.5486992594645035,50,1,50,129.1549665014884,50,0.0,False,0
0,5.966017974878967,5.4741024009911,3.3148376689903456,50,5,10,129.1549665014884,50,0.0,True,0
0,3.41975583823427,3.17895111402526,1.850202344360799,50,1,50,129.1549665014884,50,0.05,False,0
0,5.9232078417908065,5.423995598693082,3.2555190499969195,50,5,10,129.1549665014884,50,0.05,True,0
0,3.9051227794773093,3.599523896443067,2.123405501655631,50,1,50,129.1549665014884,50,0.1,False,0
0,5.981775364850331,5.508854403326616,3.2488137574867495,50,5,10,129.1549665014884,50,0.1,True,0
0,5.000834366065721,4.645963590139303,2.689443871911167,50,1,50,129.1549665014884,50,0.2,False,0
0,5.994511209847108,5.520094343265001,3.288878631166556,50,5,10,129.1549665014884,50,0.2,True,0
0,2.8262276526039276,2.6187921634761224,1.4948838187929687,50,1,50,215.44346900318823,50,0.0,False,0
0,5.834174872606654,5.39326882573868,3.182513641713535,50,5,10,215.44346900318823,50,0.0,True,0
0,3.278447478883061,3.0353886240515067,1.7661793944675408,50,1,50,215.44346900318823,50,0.05,False,0
0,5.905745513890253,5.392709811107132,3.254444904572789,50,5,10,215.44346900318823,50,0.05,True,0
0,3.8067571399998466,3.5605629065803654,2.026322539680311,50,1,50,215.44346900318823,50,0.1,False,0
0,5.821537555946746,5.339819980661012,3.2632653791170414,50,5,10,215.44346900318823,50,0.1,True,0
0,4.872746621901875,4.544431948854758,2.6621490202491196,50,1,50,215.44346900318823,50,0.2,False,0
0,5.804646244439869,5.320870550243043,3.204156567573922,50,5,10,215.44346900318823,50,0.2,True,0
0,2.841805768127534,2.6823182607816562,1.4608230536092084,50,1,50,359.38136638046257,50,0.0,False,0
0,5.884809078307436,5.442873130687026,3.26437540040435,50,5,10,359.38136638046257,50,0.0,True,0
0,3.1960064293230968,2.998900947292668,1.6935060025560744,50,1,50,359.38136638046257,50,0.05,False,0
0,5.8495376982707254,5.347325634955197,3.2947753124857835,50,5,10,359.38136638046257,50,0.05,True,0
0,3.7530018258511677,3.457271127230783,2.051749005981142,50,1,50,359.38136638046257,50,0.1,False,0
0,5.900757180854724,5.413271878655564,3.24101212433627,50,5,10,359.38136638046257,50,0.1,True,0
0,4.844148843682142,4.534541955955476,2.625492816431259,50,1,50,359.38136638046257,50,0.2,False,0
0,5.852516179374726,5.35681570438917,3.2617942390156514,50,5,10,359.38136638046257,50,0.2,True,0
0,2.7641048206922614,2.578069268592145,1.4457125258055918,50,1,50,599.4842503189409,50,0.0,False,0
0,5.853604852689523,5.418113971668397,3.1975902857952168,50,5,10,599.4842503189409,50,0.0,True,0
0,3.1920828416376197,3.00181025859942,1.7250117632654516,50,1,50,599.4842503189409,50,0.05,False,0
0,5.765330340548986,5.2864827136287005,3.1849136629051276,50,5,10,599.4842503189409,50,0.05,True,0
0,3.7102786159072982,3.4259881166733592,1.9942573552634217,50,1,50,599.4842503189409,50,0.1,False,0
0,5.79926277160017,5.355932868150511,3.217567996079156,50,5,10,599.4842503189409,50,0.1,True,0
0,4.9001050540823625,4.5587750888943575,2.616559416857371,50,1,50,599.4842503189409,50,0.2,False,0
0,5.88446732200896,5.409164915982217,3.276368807271871,50,5,10,599.4842503189409,50,0.2,True,0
0,2.71533395030456,2.546383352110894,1.4539049915416182,50,1,50,1000.0,50,0.0,False,0
0,5.833031802905134,5.277986620842256,3.2177665250844525,50,5,10,1000.0,50,0.0,True,0
0,3.1841980407488144,2.9947818237595385,1.6889976811446947,50,1,50,1000.0,50,0.05,False,0
0,5.85271173720108,5.3765856266037275,3.2910621384222813,50,5,10,1000.0,50,0.05,True,0
0,3.7100014635321084,3.5018012598505237,2.0104330329486184,50,1,50,1000.0,50,0.1,False,0
0,5.783947573435235,5.29735673734416,3.1966629860335143,50,5,10,1000.0,50,0.1,True,0
0,4.751804776525068,4.381931585191964,2.602969613057601,50,1,50,1000.0,50,0.2,False,0
0,5.922262353970123,5.408804018030608,3.307453436666016,50,5,10,1000.0,50,0.2,True,0
0,6.14866298176429,5.769899897052532,3.253665915954753,50,1,50,10.0,60,0.0,False,0
0,8.27788634578504,7.773318277790473,4.347732831331079,50,5,10,10.0,60,0.0,True,0
0,6.642546498344924,6.2139122339964175,3.5375096365487773,50,1,50,10.0,60,0.05,False,0
0,8.467999442005649,7.916294311945208,4.502354204535811,50,5,10,10.0,60,0.05,True,0
0,7.201307709300386,6.682301565255656,3.8374168434307534,50,1,50,10.0,60,0.1,False,0
0,8.493252816772062,7.900010513727636,4.545085994493318,50,5,10,10.0,60,0.1,True,0
0,8.384723566322428,7.7968018386036135,4.496166679740702,50,1,50,10.0,60,0.2,False,0
0,8.85825709421405,8.331227286821644,4.768941390220308,50,5,10,10.0,60,0.2,True,0
0,5.06659309071928,4.7745338902794074,2.6559566291675556,50,1,50,16.68100537200059,60,0.0,False,0
0,7.395519382431954,6.886606962947212,3.9989030125356595,50,5,10,16.68100537200059,60,0.0,True,0
0,5.509281462357454,5.191815642945244,2.888751686790373,50,1,50,16.68100537200059,60,0.05,False,0
0,7.469023357486934,6.942776942439615,4.047493679183142,50,5,10,16.68100537200059,60,0.05,True,0
0,5.919319177086679,5.583655861204946,3.15723444967403,50,1,50,16.68100537200059,60,0.1,False,0
0,7.630798707027588,7.148742008986332,4.092208322186318,50,5,10,16.68100537200059,60,0.1,True,0
0,7.157617938252923,6.636665206885361,3.8694980123865244,50,1,50,16.68100537200059,60,0.2,False,0
0,7.872881029555931,7.367625260732858,4.175126907439207,50,5,10,16.68100537200059,60,0.2,True,0
0,4.19504076528706,3.8944677900591245,2.229813442672227,50,1,50,27.825594022071243,60,0.0,False,0
0,6.81765331033346,6.3864415020522,3.6658860416738497,50,5,10,27.825594022071243,60,0.0,True,0
0,4.705517117095404,4.388372638371365,2.4562071477244274,50,1,50,27.825594022071243,60,0.05,False,0
0,6.970621792603675,6.513455815769127,3.730209337441417,50,5,10,27.825594022071243,60,0.05,True,0
0,5.215166564792037,4.855657498280031,2.728668130177053,50,1,50,27.825594022071243,60,0.1,False,0
0,7.046090932663008,6.5713579672379225,3.7416461095525824,50,5,10,27.825594022071243,60,0.1,True,0
0,6.321726415524104,5.848171646528016,3.419353449987423,50,1,50,27.825594022071243,60,0.2,False,0
0,7.058849159833968,6.609895703215429,3.7084752081550914,50,5,10,27.825594022071243,60,0.2,True,0
0,3.6993395931185495,3.472208838414886,1.9451708045623306,50,1,50,46.41588833612777,60,0.0,False,0
0,6.680177259205581,6.14508944645052,3.624941840265086,50,5,10,46.41588833612777,60,0.0,True,0
0,4.082387644348146,3.81572368592073,2.1868516002092053,50,1,50,46.41588833612777,60,0.05,False,0
0,6.544882695541062,6.110091225711287,3.5622446352729855,50,5,10,46.41588833612777,60,0.05,True,0
0,4.630856317444599,4.316391435311054,2.4640330243125224,50,1,50,46.41588833612777,60,0.1,False,0
0,6.661191895913047,6.147892566889645,3.682888015112073,50,5,10,46.41588833612777,60,0.1,True,0
0,5.806729993065016,5.365264800658508,3.159027746008962,50,1,50,46.41588833612777,60,0.2,False,0
0,6.706678951502638,6.220060270169874,3.5572196658339093,50,5,10,46.41588833612777,60,0.2,True,0
0,3.327710562999551,3.1285362604412015,1.7472055367365846,50,1,50,77.4263682681127,60,0.0,False,0
0,6.408604451246014,5.931409763471834,3.4764608918455635,50,5,10,77.4263682681127,60,0.0,True,0
0,3.837140512582074,3.588441452587567,2.005416250499386,50,1,50,77.4263682681127,60,0.05,False,0
0,6.350947470433294,5.8561332742185215,3.4185895574696388,50,5,10,77.4263682681127,60,0.05,True,0
0,4.353758370029856,4.068662166346336,2.275768015824101,50,1,50,77.4263682681127,60,0.1,False,0
0,6.414245104970203,5.958931761370778,3.4652117120372434,50,5,10,77.4263682681127,60,0.1,True,0
0,5.492702366886509,5.08168607337474,3.0003043447967097,50,1,50,77.4263682681127,60,0.2,False,0
0,6.455794283948112,5.940238313941244,3.557184630943602,50,5,10,77.4263682681127,60,0.2,True,0
0,3.1321376224591186,2.9157049980791996,1.652701884135625,50,1,50,129.1549665014884,60,0.0,False,0
0,6.339621224730455,5.899032781498285,3.4206971201019565,50,5,10,129.1549665014884,60,0.0,True,0
0,3.675094984158217,3.416182739860247,1.952475089045619,50,1,50,129.1549665014884,60,0.05,False,0
0,6.35658493576335,5.827325675520498,3.4462656150074262,50,5,10,129.1549665014884,60,0.05,True,0
0,4.139288191827196,3.84223316112174,2.199028134042248,50,1,50,129.1549665014884,60,0.1,False,0
0,6.2203753672081055,5.795037367226996,3.3597470033407286,50,5,10,129.1549665014884,60,0.1,True,0
0,5.2640396179264775,4.883531186176697,2.822246087676797,50,1,50,129.1549665014884,60,0.2,False,0
0,6.2905064746068415,5.828066005692854,3.4702539813671827,50,5,10,129.1549665014884,60,0.2,True,0
0,3.010021796893073,2.8038856488845667,1.61301896522204,50,1,50,215.44346900318823,60,0.0,False,0
0,6.138299576339106,5.606280774085292,3.416594794347414,50,5,10,215.44346900318823,60,0.0,True,0
0,3.4630782856015823,3.261212781419985,1.8207143503088374,50,1,50,215.44346900318823,60,0.05,False,0
0,6.2744712087776335,5.846824732711447,3.3532792659270396,50,5,10,215.44346900318823,60,0.05,True,0
0,3.9407486861569705,3.6610460829866156,2.104522167857233,50,1,50,215.44346900318823,60,0.1,False,0
0,6.175810043346881,5.660482404744592,3.4611367136849664,50,5,10,215.44346900318823,60,0.1,True,0
0,5.085641613142358,4.743804853642288,2.712424452917423,50,1,50,215.44346900318823,60,0.2,False,0
0,6.282241509367985,5.869917722012161,3.382355680958087,50,5,10,215.44346900318823,60,0.2,True,0
0,2.8768098043529973,2.692357213598605,1.5076949925935101,50,1,50,359.38136638046257,60,0.0,False,0
0,6.115142736951698,5.6474904313984595,3.3294964734628514,50,5,10,359.38136638046257,60,0.0,True,0
0,3.3578184046180524,3.146169758618697,1.7767370344357387,50,1,50,359.38136638046257,60,0.05,False,0
0,6.190810826609848,5.815349063969116,3.3424945852517203,50,5,10,359.38136638046257,60,0.05,True,0
0,3.8570170922776135,3.5910911842897875,2.060702540650881,50,1,50,359.38136638046257,60,0.1,False,0
0,6.164914606526903,5.616162458133211,3.3927603671807995,50,5,10,359.38136638046257,60,0.1,True,0
0,5.041881731898458,4.713701212866816,2.7455927502161184,50,1,50,359.38136638046257,60,0.2,False,0
0,6.165936262456585,5.761448384443121,3.3456815255263037,50,5,10,359.38136638046257,60,0.2,True,0
0,2.8564234499981698,2.688935792169616,1.5235853576618628,50,1,50,599.4842503189409,60,0.0,False,0
0,6.029794223074909,5.5440344500031244,3.3769054630239634,50,5,10,599.4842503189409,60,0.0,True,0
0,3.335244319698305,3.1041502177195213,1.7764117166811475,50,1,50,599.4842503189409,60,0.05,False,0
0,6.093871999044521,5.716579392798515,3.297757044681776,50,5,10,599.4842503189409,60,0.05,True,0
0,3.844744087118325,3.578167652236637,2.0977449679671873,50,1,50,599.4842503189409,60,0.1,False,0
0,6.190091835637609,5.733310267425665,3.3777920730808475,50,5,10,599.4842503189409,60,0.1,True,0
0,4.943686551819708,4.562356696930401,2.660260858696209,50,1,50,599.4842503189409,60,0.2,False,0
0,6.112607614801696,5.670820254548154,3.333293307242666,50,5,10,599.4842503189409,60,0.2,True,0
0,2.8316830584689296,2.634709535683079,1.514770722802579,50,1,50,1000.0,60,0.0,False,0
0,5.975850952156519,5.524860037604839,3.3086836821065986,50,5,10,1000.0,60,0.0,True,0
0,3.3834933275718457,3.1713143921931533,1.7994788167863935,50,1,50,1000.0,60,0.05,False,0
0,6.121124485186117,5.694622713470757,3.348401849156124,50,5,10,1000.0,60,0.05,True,0
0,3.8510348467839624,3.563709378658089,2.0738637618112286,50,1,50,1000.0,60,0.1,False,0
0,6.091241182628586,5.613743883319842,3.3405323774526163,50,5,10,1000.0,60,0.1,True,0
0,4.91866675409036,4.5591997777437285,2.6926741046470353,50,1,50,1000.0,60,0.2,False,0
0,6.10387612799704,5.641558924666917,3.3824675126096775,50,5,10,1000.0,60,0.2,True,0
0,6.356018355592011,6.01880171715618,3.364342167289202,50,1,50,10.0,70,0.0,False,0
0,8.572689620871346,7.9778860172657815,4.547305510750263,50,5,10,10.0,70,0.0,True,0
0,6.962574702420886,6.563536344142818,3.67095937208069,50,1,50,10.0,70,0.05,False,0
0,8.646581996240569,8.147728899041503,4.509075101178954,50,5,10,10.0,70,0.05,True,0
0,7.38313160320753,6.954515521540216,3.910459848708553,50,1,50,10.0,70,0.1,False,0
0,8.872472094861015,8.327223991541707,4.566865633260934,50,5,10,10.0,70,0.1,True,0
0,8.626684065848991,8.144473186537304,4.547691229293437,50,1,50,10.0,70,0.2,False,0
0,9.363365447559616,8.910672259821432,4.746820842775965,50,5,10,10.0,70,0.2,True,0
0,5.2556510449950915,4.947648061576928,2.7537422254642623,50,1,50,16.68100537200059,70,0.0,False,0
0,7.6260927574662665,7.042766716451894,4.0716573304818064,50,5,10,16.68100537200059,70,0.0,True,0
0,5.758694026611816,5.407157381612905,3.026821379330975,50,1,50,16.68100537200059,70,0.05,False,0
0,7.707092545543059,7.1643494060303965,4.102182502399243,50,5,10,16.68100537200059,70,0.05,True,0
0,6.260979517898695,5.9142005627021135,3.2490137439945155,50,1,50,16.68100537200059,70,0.1,False,0
0,7.824778314690579,7.270710430950793,4.2659949042397916,50,5,10,16.68100537200059,70,0.1,True,0
0,7.464170257550583,6.9056954310620355,3.8874389770130415,50,1,50,16.68100537200059,70,0.2,False,0
0,8.178953921489187,7.67065494042469,4.307605696861034,50,5,10,16.68100537200059,70,0.2,True,0
0,4.39707279725145,4.0894763328584816,2.3457742555751104,50,1,50,27.825594022071243,70,0.0,False,0
0,7.166664722453864,6.708157684570374,3.8758657075442837,50,5,10,27.825594022071243,70,0.0,True,0
0,4.9388631847781,4.599594528859271,2.6057010018681463,50,1,50,27.825594022071243,70,0.05,False,0
0,7.2890083736629165,6.7801284573214105,3.8951154997457196,50,5,10,27.825594022071243,70,0.05,True,0
0,5.324024109161986,4.947726824582446,2.8515867883842776,50,1,50,27.825594022071243,70,0.1,False,0
0,7.312596462344547,6.858458889931072,3.9456776841673045,50,5,10,27.825594022071243,70,0.1,True,0
0,6.5494096073336925,6.100195555842376,3.5113192906561683,50,1,50,27.825594022071243,70,0.2,False,0
0,7.394103603774348,6.858427014485947,4.064450061764393,50,5,10,27.825594022071243,70,0.2,True,0
0,3.8821457790043272,3.683413365298229,2.0277906206623726,50,1,50,46.41588833612777,70,0.0,False,0
0,6.8351934749460375,6.364354264249442,3.7051624102361984,50,5,10,46.41588833612777,70,0.0,True,0
0,4.3019716161256945,4.030542853102155,2.286533636210892,50,1,50,46.41588833612777,70,0.05,False,0
0,6.8881944839715645,6.310354294763243,3.7768715846522274,50,5,10,46.41588833612777,70,0.05,True,0
0,4.815384306901447,4.466655984657706,2.537529486560928,50,1,50,46.41588833612777,70,0.1,False,0
0,6.861619389007679,6.353543184826378,3.707013487346131,50,5,10,46.41588833612777,70,0.1,True,0
0,6.040769047217427,5.693811506637182,3.2470171468399913,50,1,50,46.41588833612777,70,0.2,False,0
0,6.904823140766551,6.469553319360145,3.647219735750477,50,5,10,46.41588833612777,70,0.2,True,0
0,3.465916933395437,3.2539935782953293,1.8019660741665549,50,1,50,77.4263682681127,70,0.0,False,0
0,6.619174634034725,6.077041816411985,3.5753941866722214,50,5,10,77.4263682681127,70,0.0,True,0
0,3.9873510973383213,3.7140984628357714,2.124473569900602,50,1,50,77.4263682681127,70,0.05,False,0
0,6.617107330248178,6.134689812477859,3.6056899167453156,50,5,10,77.4263682681127,70,0.05,True,0
0,4.514576911598537,4.241368521645278,2.4013820039451264,50,1,50,77.4263682681127,70,0.1,False,0
0,6.609907981731438,6.119393362526608,3.573237707371893,50,5,10,77.4263682681127,70,0.1,True,0
0,5.6685581724910055,5.245607032200915,3.0831458571348906,50,1,50,77.4263682681127,70,0.2,False,0
0,6.760540854590814,6.266613438240732,3.6710424165587394,50,5,10,77.4263682681127,70,0.2,True,0
0,3.232269170291969,3.03552800837123,1.6884301198386855,50,1,50,129.1549665014884,70,0.0,False,0
0,6.468893460754065,5.962245300066982,3.5490166475926834,50,5,10,129.1549665014884,70,0.0,True,0
0,3.7779603582428516,3.5398863773053506,1.9593774289757029,50,1,50,129.1549665014884,70,0.05,False,0
0,6.495240115274164,6.051063160112321,3.527239188473068,50,5,10,129.1549665014884,70,0.05,True,0
0,4.223518665991806,3.9059563794838823,2.2907467445343466,50,1,50,129.1549665014884,70,0.1,False,0
0,6.487399816827628,6.006736173041986,3.547611321255101,50,5,10,129.1549665014884,70,0.1,True,0
0,5.432020139956361,5.004915854268361,2.965166780231421,50,1,50,129.1549665014884,70,0.2,False,0
0,6.46701788887506,5.996260214297969,3.55949081998214,50,5,10,129.1549665014884,70,0.2,True,0
0,3.0898743831306783,2.921407703186958,1.6122415480545278,50,1,50,215.44346900318823,70,0.0,False,0
0,6.341725225639622,5.838610705411227,3.4680343622742162,50,5,10,215.44346900318823,70,0.0,True,0
0,3.5961131197818026,3.361514513125293,1.8897956394214666,50,1,50,215.44346900318823,70,0.05,False,0
0,6.40798171179364,5.903756612544896,3.4930317854671937,50,5,10,215.44346900318823,70,0.05,True,0
0,4.094344353152504,3.8160403840114725,2.188251282127604,50,1,50,215.44346900318823,70,0.1,False,0
0,6.26229626838112,5.811661860639269,3.452645522571996,50,5,10,215.44346900318823,70,0.1,True,0
0,5.2360320860743945,4.873923787735613,2.825073663532762,50,1,50,215.44346900318823,70,0.2,False,0
0,6.431417697315284,5.870929218569259,3.596667181911382,50,5,10,215.44346900318823,70,0.2,True,0
0,2.952227271130134,2.7490670304205764,1.572386476263465,50,1,50,359.38136638046257,70,0.0,False,0
0,6.423350219483451,5.900544211801474,3.5253291338405868,50,5,10,359.38136638046257,70,0.0,True,0
0,3.4608676317841263,3.214030017728625,1.8495619958847365,50,1,50,359.38136638046257,70,0.05,False,0
0,6.459200076967926,6.051786560072358,3.4556920147149857,50,5,10,359.38136638046257,70,0.05,True,0
0,4.001984603121886,3.7449030244967503,2.1299119561021707,50,1,50,359.38136638046257,70,0.1,False,0
0,6.256276983691397,5.826281873319552,3.449630449980298,50,5,10,359.38136638046257,70,0.1,True,0
0,5.241776144279207,4.82979162349843,2.84618166895577,50,1,50,359.38136638046257,70,0.2,False,0
0,6.452685247753488,5.9435806383876795,3.4879387107791775,50,5,10,359.38136638046257,70,0.2,True,0
0,2.8825660467093197,2.7319596792314513,1.5149604556023588,50,1,50,599.4842503189409,70,0.0,False,0
0,6.300408985348792,5.818785074841912,3.482909107147657,50,5,10,599.4842503189409,70,0.0,True,0
0,3.414040646095474,3.2281224404748983,1.7851248069185621,50,1,50,599.4842503189409,70,0.05,False,0
0,6.310109934863605,5.955695920022059,3.4523162807200585,50,5,10,599.4842503189409,70,0.05,True,0
0,3.940912192993429,3.6961296474263605,2.0826579574416924,50,1,50,599.4842503189409,70,0.1,False,0
0,6.239992612984019,5.824293138644769,3.4343587440262056,50,5,10,599.4842503189409,70,0.1,True,0
0,5.151228771394437,4.789371515832244,2.7617929737048863,50,1,50,599.4842503189409,70,0.2,False,0
0,6.374213816858397,5.861685156571006,3.5130710778054164,50,5,10,599.4842503189409,70,0.2,True,0
0,2.878709181945988,2.742659994611998,1.5241065118634347,50,1,50,1000.0,70,0.0,False,0
0,6.323442966490393,5.89632002222227,3.492605540960538,50,5,10,1000.0,70,0.0,True,0
0,3.4073004166696,3.197994932648328,1.8273087205068672,50,1,50,1000.0,70,0.05,False,0
0,6.19966821556266,5.703132934993278,3.42801225100688,50,5,10,1000.0,70,0.05,True,0
0,3.940712553493749,3.639603552240054,2.11664417085013,50,1,50,1000.0,70,0.1,False,0
0,6.317110633702038,5.858217202784552,3.4009635160368545,50,5,10,1000.0,70,0.1,True,0
0,5.080814468578273,4.745428207914735,2.7234937174419027,50,1,50,1000.0,70,0.2,False,0
0,6.306055985051508,5.785622604704223,3.5021760585223976,50,5,10,1000.0,70,0.2,True,0
0,6.522183748604354,6.151200859318422,3.4238784701584426,50,1,50,10.0,80,0.0,False,0
0,8.849357520866766,8.300672518668662,4.552622900432018,50,5,10,10.0,80,0.0,True,0
0,7.077277077531841,6.577866521929792,3.716535037624699,50,1,50,10.0,80,0.05,False,0
0,9.026145858059158,8.53933451846165,4.674595172451514,50,5,10,10.0,80,0.05,True,0
0,7.514309466745399,7.100145176817897,3.923728676087994,50,1,50,10.0,80,0.1,False,0
0,9.238514866913706,8.747805669837938,4.764489132245981,50,5,10,10.0,80,0.1,True,0
0,8.847007938854237,8.2350158373944,4.634682490507967,50,1,50,10.0,80,0.2,False,0
0,9.538530506946206,8.980285721045057,5.014145926162056,50,5,10,10.0,80,0.2,True,0
0,5.3853034439546645,5.0173730899721605,2.8343511398677785,50,1,50,16.68100537200059,80,0.0,False,0
0,7.988688257750015,7.489670179723042,4.255929917232957,50,5,10,16.68100537200059,80,0.0,True,0
0,5.891906140193457,5.556292579990512,3.083199883995177,50,1,50,16.68100537200059,80,0.05,False,0
0,8.075747314497248,7.6088671378010915,4.206935132956209,50,5,10,16.68100537200059,80,0.05,True,0
0,6.452913969045716,5.991971353811856,3.403654011490481,50,1,50,16.68100537200059,80,0.1,False,0
0,8.04237274043772,7.562172842030556,4.323154171516853,50,5,10,16.68100537200059,80,0.1,True,0
0,7.590771625496476,7.160926409368258,3.9855171514211785,50,1,50,16.68100537200059,80,0.2,False,0
0,8.297791765583584,7.854563022033375,4.415656113400837,50,5,10,16.68100537200059,80,0.2,True,0
0,4.543780569859148,4.260139060532822,2.427587624376982,50,1,50,27.825594022071243,80,0.0,False,0
0,7.345193380969222,6.8488846014363745,3.9223784106922444,50,5,10,27.825594022071243,80,0.0,True,0
0,5.084813798562722,4.772119659258458,2.6706401734521688,50,1,50,27.825594022071243,80,0.05,False,0
0,7.496043036957617,7.012231741366406,3.984957879607655,50,5,10,27.825594022071243,80,0.05,True,0
0,5.572677409335256,5.176447632514503,3.0093269710340587,50,1,50,27.825594022071243,80,0.1,False,0
0,7.451497027246995,6.926675823180531,3.9542595113886896,50,5,10,27.825594022071243,80,0.1,True,0
0,6.771928277280958,6.332871925399537,3.5832289285560894,50,1,50,27.825594022071243,80,0.2,False,0
0,7.569872830461264,6.9677476478648614,4.04811641312717,50,5,10,27.825594022071243,80,0.2,True,0
0,3.9394250662782495,3.707805806530203,2.0920059141466245,50,1,50,46.41588833612777,80,0.0,False,0
0,7.020721268172454,6.524536520582977,3.803153870887215,50,5,10,46.41588833612777,80,0.0,True,0
0,4.51504781931587,4.185481734171205,2.322900067937058,50,1,50,46.41588833612777,80,0.05,False,0
0,7.045012083691092,6.610611149636355,3.6921983484194456,50,5,10,46.41588833612777,80,0.05,True,0
0,4.917095779696414,4.636351017575009,2.568351211507953,50,1,50,46.41588833612777,80,0.1,False,0
0,6.985732866806907,6.544218645758214,3.755066363088046,50,5,10,46.41588833612777,80,0.1,True,0
0,6.053250240291335,5.608866544875269,3.2580110068491535,50,1,50,46.41588833612777,80,0.2,False,0
0,7.231595284585219,6.776859206739864,3.8429009970703913,50,5,10,46.41588833612777,80,0.2,True,0
0,3.5921597996295107,3.3880628066698293,1.9083631562039516,50,1,50,77.4263682681127,80,0.0,False,0
0,6.79808542165884,6.346566705476889,3.694185036841458,50,5,10,77.4263682681127,80,0.0,True,0
0,4.04231249897481,3.7714490911074208,2.138452807524388,50,1,50,77.4263682681127,80,0.05,False,0
0,6.749717776289639,6.289261745387456,3.6713644333074615,50,5,10,77.4263682681127,80,0.05,True,0
0,4.636511859595899,4.308670900884522,2.400753063809666,50,1,50,77.4263682681127,80,0.1,False,0
0,6.782814512041515,6.258073083984961,3.703525700019249,50,5,10,77.4263682681127,80,0.1,True,0
0,5.790418935886855,5.386150307274093,3.134131554975041,50,1,50,77.4263682681127,80,0.2,False,0
0,6.880358669093449,6.387564690704004,3.7111797171498915,50,5,10,77.4263682681127,80,0.2,True,0
0,3.2896111860954527,3.1062324090869424,1.7015986595406947,50,1,50,129.1549665014884,80,0.0,False,0
0,6.586752651206644,6.193600329579823,3.4947899973848,50,5,10,129.1549665014884,80,0.0,True,0
0,3.80243222923755,3.5564901184308155,2.0065948318831084,50,1,50,129.1549665014884,80,0.05,False,0
0,6.538013584041522,6.025451128441979,3.5599130394961005,50,5,10,129.1549665014884,80,0.05,True,0
0,4.3540451659778885,4.043227181983852,2.351187465824547,50,1,50,129.1549665014884,80,0.1,False,0
0,6.6718091219121725,6.193509950252022,3.6368364293905273,50,5,10,129.1549665014884,80,0.1,True,0
0,5.461337371758822,5.013096894032245,2.9514442672990078,50,1,50,129.1549665014884,80,0.2,False,0
0,6.710904590202977,6.254456351776447,3.5196857987146215,50,5,10,129.1549665014884,80,0.2,True,0
0,3.1084401003321376,2.9074956465099078,1.6081797195839558,50,1,50,215.44346900318823,80,0.0,False,0
0,6.532571024115884,6.063739354453489,3.5598971728055746,50,5,10,215.44346900318823,80,0.0,True,0
0,3.6425937773477384,3.4058520696452916,1.9288548624700548,50,1,50,215.44346900318823,80,0.05,False,0
0,6.517544092433884,6.047132808540113,3.48946526454579,50,5,10,215.44346900318823,80,0.05,True,0
0,4.187021902641041,3.9201436720826806,2.261904402312188,50,1,50,215.44346900318823,80,0.1,False,0
0,6.5947182576180134,6.142180518721929,3.648666584858318,50,5,10,215.44346900318823,80,0.1,True,0
0,5.428904166718083,5.041202782342985,2.9412065081090595,50,1,50,215.44346900318823,80,0.2,False,0
0,6.4678532288158275,5.993610171992735,3.4778230802277537,50,5,10,215.44346900318823,80,0.2,True,0
0,3.0209400280300573,2.819808501216002,1.569075409425803,50,1,50,359.38136638046257,80,0.0,False,0
0,6.550550593702048,6.098923464657894,3.5302010153077825,50,5,10,359.38136638046257,80,0.0,True,0
0,3.5224863781540154,3.302124467471259,1.8789742711843183,50,1,50,359.38136638046257,80,0.05,False,0
0,6.4923155625261835,6.104283666024969,3.464643542744398,50,5,10,359.38136638046257,80,0.05,True,0
0,4.069331952806569,3.804277530916927,2.1810931726486276,50,1,50,359.38136638046257,80,0.1,False,0
0,6.408485400938942,5.961769473302766,3.5304449984860478,50,5,10,359.38136638046257,80,0.1,True,0
0,5.248559302386472,4.884547804541143,2.856490064271281,50,1,50,359.38136638046257,80,0.2,False,0
0,6.462508855835868,6.058103833505811,3.466007210204989,50,5,10,359.38136638046257,80,0.2,True,0
0,2.9960974049794356,2.8280569156347752,1.5862313596001816,50,1,50,599.4842503189409,80,0.0,False,0
0,6.442235629199831,6.003393988736754,3.5104193410136806,50,5,10,599.4842503189409,80,0.0,True,0
0,3.486626165923483,3.241132428973131,1.8467483840216192,50,1,50,599.4842503189409,80,0.05,False,0
0,6.4975541911559604,6.053911463241882,3.484016120196155,50,5,10,599.4842503189409,80,0.05,True,0
0,4.027674327278302,3.72182837957574,2.173129328437747,50,1,50,599.4842503189409,80,0.1,False,0
0,6.469963473453502,6.023639590894419,3.487596985328097,50,5,10,599.4842503189409,80,0.1,True,0
0,5.219792260008073,4.872328049622858,2.818302630996549,50,1,50,599.4842503189409,80,0.2,False,0
0,6.401990049493233,5.904470593912066,3.5325198780271103,50,5,10,599.4842503189409,80,0.2,True,0
0,2.9241209103399286,2.7402880413009996,1.5390333253957833,50,1,50,1000.0,80,0.0,False,0
0,6.545003523691194,6.002584594038936,3.5282443337200435,50,5,10,1000.0,80,0.0,True,0
0,3.4194374208749068,3.1445300986454825,1.821838741371259,50,1,50,1000.0,80,0.05,False,0
0,6.483034852196063,6.085542816504692,3.508638565266051,50,5,10,1000.0,80,0.05,True,0
0,3.9925544820441545,3.691000351477811,2.1285929474022476,50,1,50,1000.0,80,0.1,False,0
0,6.5240179143684625,6.0643955432842205,3.538494617328696,50,5,10,1000.0,80,0.1,True,0
0,5.241451195445388,4.9230371138001985,2.775943671498885,50,1,50,1000.0,80,0.2,False,0
0,6.399283284107225,5.940031063812924,3.489830157722732,50,5,10,1000.0,80,0.2,True,0
0,24.770127430802777,24.854294525986425,3.1713287886370822,50,1,50,10.0,90,0.0,False,0
0,18.59530807931575,18.557177099620993,4.4855546291712605,50,5,10,10.0,90,0.0,True,0
0,25.29714839640909,25.418344294008378,3.5419810881427067,50,1,50,10.0,90,0.05,False,0
0,18.85878342325271,18.72232745973143,4.652390387460832,50,5,10,10.0,90,0.05,True,0
0,25.706149307220006,25.827989688660374,4.067645769287284,50,1,50,10.0,90,0.1,False,0
0,19.011866101712435,18.887458951508272,4.511321611952472,50,5,10,10.0,90,0.1,True,0
0,27.0490059723436,27.113539416721963,4.894449160519968,50,1,50,10.0,90,0.2,False,0
0,19.763571444266816,19.540390637998975,4.716916487836884,50,5,10,10.0,90,0.2,True,0
0,22.55363700316644,22.55235889224994,2.662285251200438,50,1,50,16.68100537200059,90,0.0,False,0
0,16.545080293275774,16.40959335705997,4.031939104871975,50,5,10,16.68100537200059,90,0.0,True,0
0,23.105722959233493,23.078798762055243,2.988773521791805,50,1,50,16.68100537200059,90,0.05,False,0
0,16.796394357781374,16.66032662189042,4.1040884818641175,50,5,10,16.68100537200059,90,0.05,True,0
0,23.577188294793505,23.544132992036857,3.3027632483106855,50,1,50,16.68100537200059,90,0.1,False,0
0,17.023426127941963,16.819724150416008,4.25389291598524,50,5,10,16.68100537200059,90,0.1,True,0
0,24.846787909760398,24.853533719699534,4.383640264493483,50,1,50,16.68100537200059,90,0.2,False,0
0,17.49307498139069,17.402643518578678,4.251069784305378,50,5,10,16.68100537200059,90,0.2,True,0
0,19.94086110987045,19.920602031020515,2.1987818821708602,50,1,50,27.825594022071243,90,0.0,False,0
0,15.182987251822086,15.066791961597431,3.9178952879601887,50,5,10,27.825594022071243,90,0.0,True,0
0,20.453087852890757,20.45301540316826,2.6562773946330265,50,1,50,27.825594022071243,90,0.05,False,0
0,15.321226416613571,15.075447609944504,3.9152127090433697,50,5,10,27.825594022071243,90,0.05,True,0
0,20.948155918385964,20.931688904994296,3.039184179903833,50,1,50,27.825594022071243,90,0.1,False,0
0,15.424637682820688,15.269324198111654,3.950981152590346,50,5,10,27.825594022071243,90,0.1,True,0
0,22.08840052769333,22.058973197981466,3.9396212033474165,50,1,50,27.825594022071243,90,0.2,False,0
0,15.776816971858473,15.5744477781042,4.024716754408117,50,5,10,27.825594022071243,90,0.2,True,0
0,17.527813036827887,17.51394952416839,1.9874210980813765,50,1,50,46.41588833612777,90,0.0,False,0
0,14.357319318497687,14.105626425172062,3.823388414375094,50,5,10,46.41588833612777,90,0.0,True,0
0,18.004955631459328,17.984639476466697,2.431401270752856,50,1,50,46.41588833612777,90,0.05,False,0
0,14.415301267765944,14.168839206582668,3.774273607284702,50,5,10,46.41588833612777,90,0.05,True,0
0,18.49529259484946,18.480535676865784,2.8630236278794783,50,1,50,46.41588833612777,90,0.1,False,0
0,14.454706057900184,14.236389987080678,3.781473504828087,50,5,10,46.41588833612777,90,0.1,True,0
0,19.69868655362768,19.69124762131662,3.702989523329009,50,1,50,46.41588833612777,90,0.2,False,0
0,14.663032747663445,14.464299675925048,3.7456424250653257,50,5,10,46.41588833612777,90,0.2,True,0
0,15.742989584347459,15.703459076380192,1.7798303380398655,50,1,50,77.4263682681127,90,0.0,False,0
0,13.66940040778997,13.497944481666515,3.6578338570724074,50,5,10,77.4263682681127,90,0.0,True,0
0,16.15763935967127,16.11752513716999,2.2908987845088835,50,1,50,77.4263682681127,90,0.05,False,0
0,13.936222494390117,13.684557280493735,3.7867779372661374,50,5,10,77.4263682681127,90,0.05,True,0
0,16.672625869659313,16.599693054612175,2.7840633795701653,50,1,50,77.4263682681127,90,0.1,False,0
0,13.887805346897718,13.75097487153959,3.6984883799402883,50,5,10,77.4263682681127,90,0.1,True,0
0,18.00761235096383,17.893857413396823,3.7633868373621753,50,1,50,77.4263682681127,90,0.2,False,0
0,14.024650991150857,13.807263064098308,3.7320659104500624,50,5,10,77.4263682681127,90,0.2,True,0
0,14.460171801572974,14.426117610878876,1.7361575923353922,50,1,50,129.1549665014884,90,0.0,False,0
0,13.375403040419576,13.15198265529893,3.6248408124769322,50,5,10,129.1549665014884,90,0.0,True,0
0,14.875998417052273,14.854886219720008,2.1798248885226648,50,1,50,129.1549665014884,90,0.05,False,0
0,13.446874295426248,13.244484572424696,3.5943583710733673,50,5,10,129.1549665014884,90,0.05,True,0
0,15.436349635560015,15.39080265815754,2.673736974958245,50,1,50,129.1549665014884,90,0.1,False,0
0,13.576988839065939,13.332599858467162,3.6780209064593783,50,5,10,129.1549665014884,90,0.1,True,0
0,16.671356960483465,16.631873091171897,3.6234779986974925,50,1,50,129.1549665014884,90,0.2,False,0
0,13.523374266433118,13.228962557106819,3.6603143747188587,50,5,10,129.1549665014884,90,0.2,True,0
0,13.512102034866018,13.472960045563283,1.6827491271013402,50,1,50,215.44346900318823,90,0.0,False,0
0,13.144097714521985,13.006725658121717,3.6173871599959386,50,5,10,215.44346900318823,90,0.0,True,0
0,14.002665011519118,13.925110532485206,2.122193434035173,50,1,50,215.44346900318823,90,0.05,False,0
0,13.197480214513565,12.917852344006334,3.690479619263921,50,5,10,215.44346900318823,90,0.05,True,0
0,14.585556905351353,14.548846007297826,2.668150712694536,50,1,50,215.44346900318823,90,0.1,False,0
0,13.387052558017093,13.09461172535758,3.7074637427793227,50,5,10,215.44346900318823,90,0.1,True,0
0,15.894183924613863,15.805212117634916,3.633224959972354,50,1,50,215.44346900318823,90,0.2,False,0
0,13.30798275017136,13.06202285281983,3.618900823564869,50,5,10,215.44346900318823,90,0.2,True,0
0,12.976747499976332,12.946301791179962,1.5894147334521236,50,1,50,359.38136638046257,90,0.0,False,0
0,13.087155879998075,12.874130526231298,3.621988289443629,50,5,10,359.38136638046257,90,0.0,True,0
0,13.429126481393313,13.35547142133855,2.1317645218287384,50,1,50,359.38136638046257,90,0.05,False,0
0,13.087301232930258,12.876758041437128,3.590610669909413,50,5,10,359.38136638046257,90,0.05,True,0
0,13.990946524394145,13.942387546068467,2.6288720045425644,50,1,50,359.38136638046257,90,0.1,False,0
0,13.174075708480478,12.9540158946389,3.709288808036735,50,5,10,359.38136638046257,90,0.1,True,0
0,15.287959647965723,15.117543179270612,3.712516837590251,50,1,50,359.38136638046257,90,0.2,False,0
0,13.193711013030027,12.9502280382926,3.610893234918631,50,5,10,359.38136638046257,90,0.2,True,0
0,12.623481231773972,12.603877819111347,1.6454666134916294,50,1,50,599.4842503189409,90,0.0,False,0
0,12.990225763082934,12.81043695061048,3.651624303079411,50,5,10,599.4842503189409,90,0.0,True,0
0,13.100452541926247,13.025545110058886,2.0844720087286253,50,1,50,599.4842503189409,90,0.05,False,0
0,12.964280355136157,12.69812814519954,3.588333757688864,50,5,10,599.4842503189409,90,0.05,True,0
0,13.648824917740573,13.589971208722936,2.5305304503766455,50,1,50,599.4842503189409,90,0.1,False,0
0,13.057982981632165,12.793987480336234,3.6198713394788307,50,5,10,599.4842503189409,90,0.1,True,0
0,14.974441030215079,14.860672068155026,3.609989677065325,50,1,50,599.4842503189409,90,0.2,False,0
0,13.050210880083657,12.845543122496736,3.5907172983431757,50,5,10,599.4842503189409,90,0.2,True,0
0,12.34509782394695,12.31204193880778,1.5560146573950993,50,1,50,1000.0,90,0.0,False,0
0,13.046829372352029,12.74458867278863,3.6370176177800126,50,5,10,1000.0,90,0.0,True,0
0,12.940188054763365,12.911661249952104,2.072707376405637,50,1,50,1000.0,90,0.05,False,0
0,12.966721147712374,12.754299791887632,3.54846648889882,50,5,10,1000.0,90,0.05,True,0
0,13.468682404703275,13.360850785055206,2.5657264530809685,50,1,50,1000.0,90,0.1,False,0
0,12.896825110257618,12.594984870549233,3.5548747178535134,50,5,10,1000.0,90,0.1,True,0
0,14.77940240642987,14.687478652849343,3.4893563504047127,50,1,50,1000.0,90,0.2,False,0
0,12.958152525458441,12.683546754930141,3.583653312679405,50,5,10,1000.0,90,0.2,True,0
